tus,dau,det,typ,erg
-469611,0,1,0,27
-469611,2,1,0,44
-469221,0,2,0,1805
-469221,1,0,0,1595
-468945,2,1,0,167
-466100,3,0,0,33
-465780,0,2,0,234
-465780,2,2,0,64
-465780,0,0,0,502
-465400,3,2,0,1876
-464781,1,2,0,33
-463003,3,1,0,39
-462929,0,1,0,39
-462668,3,1,0,204
-462412,0,0,0,234
-462029,2,1,0,16
-460175,3,1,0,52
-460117,1,2,0,213
-459816,0,1,0,126
-459720,0,1,0,144
-459720,0,0,0,35
-459675,1,2,0,111
-458000,3,0,0,84
-458000,3,1,0,72
-457219,1,1,0,676
-456858,0,0,0,118
-456400,0,0,0,243
-456148,1,1,0,148
-454748,1,1,0,44
-454445,0,0,0,87
-454445,2,0,0,129
-454445,2,1,0,274
-454044,3,0,0,33
-453851,2,1,0,42
-453769,2,1,0,53
-453769,2,1,3,39
-453768,2,1,1,71
-452770,2,0,0,23
-452111,3,2,0,33
-451489,3,1,0,36
-450975,0,2,0,584
-450930,0,2,0,70
-450125,2,0,0,34
-450019,1,2,0,62
-449821,0,1,0,37
-448714,0,0,0,49
-448714,1,1,0,62
-447642,0,1,0,27
-447191,2,2,0,23
-446902,1,1,0,35
-446870,0,0,0,1733
-446571,3,0,0,78
-445984,3,0,0,84
-445535,1,0,0,881
-445152,0,0,0,113
-443352,3,0,0,1665
-443312,0,2,0,73
-443296,3,0,0,1730
-442963,0,2,0,154
-442624,2,2,0,1635
-442624,3,1,0,1841
-442624,3,2,0,1881
-442624,2,0,0,1583
-442624,2,1,0,1477
-442624,3,0,0,206
-442572,1,0,0,1756
-441577,1,0,0,184
-440894,2,0,0,81
-440390,2,1,0,39
-438471,0,1,0,21
-435807,0,0,0,125
-435807,1,0,0,64
-435807,0,1,0,481
-435806,2,0,0,17
-435806,0,2,0,23
-435531,0,0,0,326
-435454,3,1,0,47
-434313,0,2,0,30
-433810,0,1,0,47
-433668,0,0,0,184
-433469,1,1,0,32
-433310,1,0,0,1668
-433310,1,1,0,1099
-433224,1,1,0,1036
-432514,2,1,0,1291
-431923,2,1,0,27
-431525,0,2,0,49
-431248,2,0,0,1582
-431234,2,0,0,913
-430655,1,2,0,271
-430512,0,2,0,56
-430512,1,0,0,375
-430290,2,0,0,16
-429789,1,1,0,56
-429426,0,0,0,91
-429372,2,0,0,1363
-429257,1,0,0,330
-429174,1,0,0,38
-428925,1,1,0,256
-427111,1,2,0,53
-426514,3,2,0,171
-425991,1,0,0,33
-425933,2,1,0,34
-425717,0,1,0,1813
-425717,0,2,0,2028
-425717,0,0,0,1900
-425716,1,0,0,129
-425716,2,1,0,230
-425716,2,2,0,593
-425716,2,0,0,125
-424779,1,2,0,1827
-424779,3,1,0,237
-424779,1,1,0,93
-424407,0,0,0,232
-424407,2,2,0,330
-424205,0,0,0,188
-423327,1,2,0,31
-422956,0,1,0,61
-422945,0,1,0,37
-421484,0,0,0,280
-421447,2,0,0,53
-420663,1,0,0,1870
-420663,0,2,0,1925
-420663,1,1,0,1669
-420663,1,2,0,191
-419630,0,0,0,1495
-419630,2,2,0,51
-419196,0,0,0,95
-418824,2,1,0,21
-418824,2,2,0,635
-418433,2,0,0,31
-418382,1,1,0,579
-417574,2,2,0,1741
-417574,0,0,0,141
-416458,2,0,0,18
-415869,0,0,0,28
-415867,2,2,0,39
-415356,3,0,0,164
-415336,2,1,0,17
-415045,1,2,0,72
-413703,0,2,0,64
-413703,1,0,0,337
-413023,1,1,0,109
-411896,1,2,0,90
-411179,0,2,0,32
-411010,0,1,0,51
-410865,3,1,0,86
-410416,0,1,0,114
-410072,1,1,0,56
-409325,3,2,0,1084
-408846,0,1,0,24
-408319,2,0,0,141
-408300,3,0,0,648
-407089,2,1,0,95
-406751,1,2,0,1743
-406217,1,0,0,51
-404448,0,2,0,24
-404087,1,2,0,34
-403513,1,0,0,1694
-403507,0,2,0,31
-403392,0,2,0,80
-403042,2,2,0,38
-401966,3,2,0,38
-401932,2,2,0,38
-401479,3,1,0,45
-401479,3,2,0,35
-401350,0,1,0,26
-400936,1,1,0,146
-400528,0,0,0,29
-400204,0,2,0,157
-400204,0,0,0,23
-400204,0,1,0,880
-400119,2,0,0,70
-400078,2,0,0,24
-397934,1,2,0,120
-397567,2,2,0,106
-397385,1,0,0,64
-395957,3,0,0,761
-394829,3,0,0,34
-394697,3,0,0,1062
-393656,0,0,0,58
-393656,2,1,0,956
-393656,3,1,0,1710
-393656,3,2,0,1808
-393323,0,0,0,1925
-393323,1,0,0,1766
-393323,0,1,0,1874
-393323,0,2,0,2300
-393322,2,0,0,79
-393322,3,2,0,184
-393083,2,2,0,20
-391455,2,0,0,18
-391387,0,0,0,508
-390548,0,2,0,46
-389245,0,2,0,640
-388638,1,2,0,1447
-388638,3,0,0,1930
-388638,0,1,0,193
-388638,3,1,0,127
-388638,0,2,0,27
-388638,1,1,0,719
-387420,1,2,0,123
-386572,2,1,0,185
-386572,2,2,0,17
-386429,2,0,0,19
-386038,3,1,0,37
-385892,3,1,0,96
-385758,3,1,0,860
-385757,3,2,0,58
-384781,0,2,0,44
-384549,2,0,0,1534
-384549,3,2,0,62
-384549,2,1,0,1526
-383186,0,2,0,76
-382558,1,1,0,80
-381783,1,1,0,60
-381723,3,0,0,224
-381562,0,2,0,97
-381277,3,1,0,33
-381141,1,1,0,1572
-381141,1,0,0,543
-380823,2,2,0,36
-379106,1,0,0,52
-379068,2,1,0,17
-377780,3,1,0,92
-377673,2,0,0,19
-377673,3,1,0,35
-377424,0,0,0,512
-377306,3,1,0,1757
-377306,1,0,0,359
-377306,2,1,0,560
-377306,2,2,0,40
-377306,3,2,0,1852
-377306,3,0,0,65
-377306,2,0,0,866
-376842,3,1,0,33
-375587,0,1,0,31
-375587,1,0,0,1351
-374398,0,2,0,22
-374064,2,0,0,1881
-374064,2,1,0,1639
-374063,3,2,0,106
-374063,2,2,0,439
-374059,2,0,3,78
-374058,2,0,1,76
-374056,2,1,3,32
-374056,2,2,3,13
-374056,2,0,3,57
-374055,2,1,1,73
-374055,2,2,1,65
-374055,2,0,1,250
-373608,0,1,0,27
-372219,1,2,0,232
-372052,1,0,0,100
-371821,0,0,0,48
-371718,3,0,0,31
-371581,3,2,0,97
-371221,3,0,0,63
-371220,2,0,0,34
-370392,1,2,0,36
-370060,0,0,0,442
-369292,1,1,0,37
-369206,0,0,0,1772
-368741,2,0,0,18
-368740,2,2,0,166
-368369,1,2,0,111
-367976,0,2,0,72
-367940,0,0,0,26
-367276,0,0,0,27
-367127,2,0,0,17
-367127,3,2,0,112
-366938,3,0,0,508
-366560,2,2,0,40
-366560,2,0,0,246
-366427,2,0,0,38
-366282,1,1,0,1710
-366281,1,0,0,137
-366281,1,2,0,78
-364032,1,0,0,135
-363285,2,1,0,30
-363285,2,2,0,46
-363022,0,2,0,50
-363022,2,0,0,32
-362761,0,0,0,1786
-362760,0,1,0,1566
-362631,0,2,0,30
-362441,0,0,0,77
-361976,3,1,0,242
-361976,3,0,0,381
-361347,2,2,0,19
-361347,3,0,0,63
-361347,2,1,0,19
-360774,0,1,0,43
-360684,0,0,0,73
-359958,2,0,0,21
-359590,2,0,0,1585
-359590,3,2,0,1892
-359589,2,1,0,97
-359017,1,1,0,43
-357341,0,1,0,42
-357162,0,0,0,265
-357060,0,0,0,46
-356684,1,1,0,118
-356617,3,2,0,496
-355624,1,0,0,1454
-355413,1,0,0,35
-355337,3,0,0,1816
-355336,3,1,0,996
-355336,3,2,0,234
-355321,1,0,0,1794
-355034,1,2,0,120
-354313,3,2,0,39
-354181,1,0,0,549
-354035,0,0,0,114
-353621,1,0,0,349
-353489,1,0,0,32
-353150,1,0,0,237
-349333,0,0,0,230
-348712,1,0,0,310
-348322,0,0,0,1761
-347951,0,1,0,38
-347731,0,1,0,48
-345537,1,2,0,404
-344572,0,1,0,134
-344010,0,1,0,291
-344010,0,0,0,68
-343265,2,1,0,25
-343265,0,1,0,24
-342344,2,1,0,56
-342344,2,0,0,24
-341134,3,2,0,46
-339793,1,0,0,180
-336459,0,2,0,72
-336412,0,2,0,45
-336412,1,1,0,229
-336341,0,0,0,213
-335877,2,0,0,160
-334926,2,2,0,55
-334260,3,2,0,36
-333859,2,2,0,24
-333729,2,1,0,465
-332205,0,0,0,48
-331634,1,0,0,64
-330361,0,2,0,31
-330251,1,0,0,1709
-330251,1,1,0,1751
-330021,2,0,0,52
-329697,2,1,0,1454
-329674,0,0,0,1655
-329129,1,1,0,59
-328822,2,1,0,27
-328822,2,0,0,52
-328648,3,1,0,1870
-328648,0,2,0,194
-328648,1,0,0,1655
-328648,1,1,0,1556
-328648,3,2,0,559
-328648,1,2,0,356
-328648,3,0,0,33
-328525,1,0,0,185
-328483,1,0,0,78
-328371,1,0,0,255
-325852,2,0,0,60
-325640,0,2,0,263
-325595,0,0,0,65
-325460,3,2,0,886
-324874,0,1,0,96
-324674,3,1,0,58
-324561,1,2,0,216
-323274,0,0,0,36
-322928,2,2,0,63
-322903,0,2,0,24
-320979,3,2,0,33
-320532,1,2,0,50
-320076,1,2,0,67
-319679,2,0,0,46
-319679,3,2,0,46
-318149,1,0,0,982
-317816,0,2,0,23
-317178,2,1,0,17
-316950,2,2,0,25
-316950,2,1,0,20
-316792,1,0,0,51
-316747,2,1,0,31
-315507,1,2,0,35
-315418,0,0,0,64
-315091,3,1,0,51
-314485,0,0,0,37
-314304,1,0,0,45
-313027,1,0,0,55
-312838,3,1,0,1622
-311350,1,1,0,1790
-311350,3,0,0,176
-311350,1,0,0,1165
-311350,3,1,0,500
-311350,3,2,0,33
-311296,1,1,0,33
-310732,0,2,0,808
-310732,1,0,0,585
-310378,3,0,0,102
-310028,0,2,0,35
-309060,1,0,0,99
-308998,0,0,0,123
-308974,2,2,0,18
-308547,3,0,0,32
-307481,1,0,0,155
-307370,1,0,0,62
-306708,3,1,0,36
-306213,1,0,0,72
-305359,3,2,0,39
-304895,0,1,0,805
-304054,2,1,0,66
-303297,2,1,0,1544
-303297,3,0,0,310
-303297,2,2,0,1182
-303297,2,0,0,90
-303259,0,0,0,29
-302988,0,1,0,89
-302947,0,0,0,1773
-302947,0,1,0,1708
-302799,0,0,0,44
-301519,0,0,0,39
-301445,0,0,0,1701
-301445,0,1,0,1680
-300187,0,2,0,109
-299504,2,0,0,18
-297894,2,0,0,1516
-297750,3,2,0,42
-297522,1,1,0,1065
-297522,1,0,0,103
-297180,2,0,0,37
-296836,2,2,0,40
-296007,2,1,0,59
-293223,2,0,0,25
-293161,2,2,0,76
-293161,3,2,0,1424
-293161,3,0,0,83
-293161,2,1,0,50
-293161,3,1,0,72
-292461,3,1,0,76
-292174,1,1,0,102
-291819,2,0,0,175
-291819,0,2,0,29
-291819,2,1,0,437
-288086,1,0,0,1262
-287985,2,0,0,55
-287985,3,2,0,77
-287141,0,2,0,87
-286450,3,1,0,71
-286330,0,0,0,41
-285607,0,0,0,23
-284607,3,0,0,1561
-284080,0,0,0,1097
-283421,2,0,0,18
-282571,2,0,0,26
-282040,1,1,0,1687
-282040,2,0,0,1744
-282040,3,1,0,1927
-282040,0,1,0,480
-282040,1,0,0,138
-282040,2,1,0,529
-282040,3,2,0,2129
-282040,0,2,0,150
-282040,3,0,0,35
-282040,0,0,0,38
-282040,1,2,0,49
-282040,2,2,0,228
-281370,0,2,0,29
-280655,3,2,0,1869
-280654,2,0,0,951
-280482,2,0,0,122
-280405,2,1,0,1126
-280405,2,0,0,25
-279932,0,2,0,42
-279477,3,2,0,31
-277071,2,2,0,92
-276666,1,1,0,95
-275932,3,1,0,39
-275547,0,2,0,1010
-275510,1,0,0,86
-274894,2,2,0,403
-273659,0,1,0,139
-273574,3,1,0,340
-270976,3,2,0,35
-270668,1,0,0,212
-270633,3,0,0,205
-269737,1,0,0,44
-269396,0,2,0,26
-268416,3,0,0,1765
-268415,2,0,0,92
-268327,2,2,0,276
-268242,2,2,0,1572
-267977,2,0,0,100
-267933,0,0,0,672
-267933,0,1,0,24
-264952,0,2,0,71
-264752,3,1,0,1269
-264752,3,2,0,48
-264271,0,1,0,42
-264037,2,2,0,17
-263781,2,0,0,52
-262473,3,2,0,41
-261992,0,0,0,1225
-261992,0,1,0,46
-261934,3,1,0,32
-261934,3,2,0,40
-261628,3,0,0,128
-261581,0,1,0,749
-261581,0,2,0,212
-261322,1,2,0,516
-261188,1,1,0,34
-260007,1,2,0,37
-259815,0,0,0,85
-259112,0,0,0,69
-258587,0,2,0,30
-257034,2,1,0,21
-256337,1,0,0,124
-255923,1,2,0,68
-255424,0,0,0,37
-254688,0,1,0,599
-254688,0,2,0,119
-254379,0,2,0,92
-254372,0,2,0,26
-254107,2,1,0,259
-253676,3,2,0,104
-253564,1,0,0,1766
-253564,0,2,0,36
-253564,1,1,0,56
-253452,3,1,0,569
-253452,3,0,0,167
-252286,2,2,0,1569
-252285,2,1,0,288
-251149,1,1,0,41
-250946,0,2,0,50
-250813,0,0,0,58
-250301,3,0,0,55
-250137,0,2,0,1823
-250136,2,0,0,21
-249929,1,2,0,63
-248897,3,1,0,41
-248266,3,2,0,50
-248113,1,2,0,1648
-248112,1,0,0,67
-248112,1,1,0,292
-246245,2,0,0,20
-245896,2,0,0,24
-245896,2,1,0,48
-245673,1,1,0,50
-245235,0,0,0,1859
-244860,1,1,0,1299
-244860,1,0,0,330
-244457,0,0,0,49
-243330,1,1,0,39
-242360,3,0,0,125
-242210,0,0,0,193
-241969,0,1,0,1652
-241556,0,2,0,203
-241194,0,2,0,66
-240565,2,2,0,29
-239628,2,0,0,19
-239628,3,2,0,56
-237536,0,2,0,1913
-237536,1,0,0,33
-236806,0,2,0,72
-236806,0,0,0,49
-235803,3,0,0,129
-234897,2,2,0,64
-234797,3,1,0,33
-234762,1,2,0,91
-234338,0,2,0,115
-232463,1,0,0,177
-231240,1,0,0,48
-229976,0,0,0,61
-228771,2,0,0,21
-228361,1,2,0,778
-227153,0,1,0,70
-226096,0,0,0,1837
-225754,0,1,0,26
-225754,2,0,0,698
-225754,3,2,0,302
-225226,1,2,0,112
-225226,1,1,0,44
-225116,1,2,0,56
-223952,1,2,0,34
-223104,1,1,0,79
-223103,1,1,1,124
-223103,1,1,3,23
-222771,2,2,0,504
-222310,0,2,0,83
-220389,3,1,0,115
-219929,3,2,0,44
-219551,1,2,0,785
-219384,3,1,0,1337
-219384,3,2,0,309
-219222,0,2,0,23
-218855,2,2,0,31
-218312,3,2,0,595
-218312,1,0,0,46
-218312,1,1,0,42
-218102,0,1,0,1672
-218101,0,0,0,186
-218033,0,0,0,26
-217649,2,0,0,84
-217039,1,1,0,37
-216504,3,2,0,34
-215325,1,0,0,38
-215263,3,0,0,38
-214650,3,2,0,32
-214025,0,0,0,52
-212909,2,2,0,161
-212513,3,2,0,106
-211269,2,1,0,1534
-211234,1,1,0,1555
-211234,1,2,0,1483
-211233,3,2,0,77
-210092,0,0,0,56
-210092,2,2,0,612
-210092,2,1,0,25
-209037,2,1,0,44
-208573,1,1,0,35
-208234,3,2,0,38
-206975,0,0,0,128
-206971,2,0,0,26
-206950,1,2,0,40
-205630,1,2,0,32
-205481,1,1,0,31
-204619,1,0,0,101
-203872,1,1,0,164
-203493,3,0,0,54
-203150,2,2,0,45
-202307,1,1,0,79
-201857,2,1,0,19
-201387,0,0,0,30
-201387,1,1,0,76
-201387,1,0,0,637
-200619,3,0,0,577
-200462,2,2,0,24
-200460,1,2,0,1726
-200413,0,1,0,1860
-200412,2,1,0,18
-200412,3,0,0,51
-200412,0,0,0,23
-199769,0,2,0,612
-199518,2,2,0,20
-199417,2,0,0,1592
-199417,3,2,0,1845
-198923,0,2,0,1914
-198923,1,0,0,1729
-198923,1,1,0,1652
-198923,1,2,0,1712
-198902,3,1,0,94
-198087,3,1,0,204
-197571,0,2,0,800
-196578,2,0,0,56
-196578,0,0,0,44
-196273,3,0,0,1698
-196236,2,0,0,63
-195640,0,0,0,38
-195640,0,1,0,36
-193351,0,1,0,40
-193351,1,0,0,60
-193351,2,0,0,56
-193351,1,1,0,81
-192088,3,0,0,94
-191886,1,1,0,1549
-191886,1,2,0,39
-190199,2,1,0,19
-189821,0,2,0,1794
-189821,1,0,0,1764
-189821,2,2,0,16
-189821,0,0,0,69
-189310,1,2,0,107
-189050,3,1,0,82
-188582,3,2,0,1878
-188582,1,2,0,1617
-187673,0,2,0,117
-186849,1,0,0,294
-186584,0,0,0,29
-186584,1,0,0,45
-184909,3,2,0,33
-184494,3,0,0,1618
-184223,2,0,0,1630
-184222,3,2,0,118
-184057,1,0,0,56
-182861,0,1,0,22
-182853,0,0,0,37
-182853,0,1,0,711
-182651,0,1,0,333
-182651,2,1,0,33
-181491,1,2,0,847
-180528,1,0,0,170
-180036,1,2,0,48
-179382,3,1,0,34
-179340,2,2,0,16
-179281,0,2,0,31
-179007,1,0,0,287
-178799,2,0,0,30
-177396,0,2,0,24
-177175,0,2,0,1856
-177175,0,1,0,649
-176818,3,0,0,68
-176688,0,0,0,33
-173645,3,2,0,1016
-173145,3,1,0,61
-173067,0,1,0,123
-171893,0,2,0,45
-170682,0,2,0,21
-170568,1,1,0,223
-169141,0,0,0,27
-168392,0,2,0,151
-166889,0,1,0,1228
-166889,1,0,0,487
-166888,2,1,0,18
-166205,0,2,0,130
-164899,2,1,0,29
-164659,2,1,0,29
-164089,1,1,0,374
-163277,2,2,0,73
-163161,2,2,0,31
-162792,0,0,0,50
-162682,0,2,0,110
-162645,1,1,0,73
-162519,0,2,0,77
-162250,1,1,0,42
-162250,1,2,0,102
-161719,2,2,0,23
-158963,3,2,0,106
-158759,2,0,0,27
-157845,2,2,0,47
-157105,2,1,0,142
-157050,1,0,0,32
-156163,3,0,0,114
-156163,3,1,0,36
-155696,0,1,0,1401
-155009,1,0,0,113
-154385,1,2,0,40
-154385,2,2,0,95
-154347,0,2,0,24
-153036,2,2,0,1029
-152339,0,2,0,1906
-152339,1,2,0,1662
-152339,0,0,0,1860
-152339,0,1,0,1770
-152333,1,2,1,401
-152333,1,2,3,31
-152268,3,0,0,61
-151724,3,0,0,1774
-150993,2,2,0,643
-149622,1,1,0,1612
-149394,3,1,0,131
-148688,0,1,0,60
-148499,3,2,0,1794
-148163,0,2,0,50
-146974,2,0,0,49
-146759,3,1,0,179
-146494,1,2,0,63
-146494,1,1,0,62
-145388,2,0,0,18
-144269,1,2,0,74
-144007,2,0,0,337
-144007,3,2,0,50
-144007,1,2,0,604
-144007,2,1,0,157
-144007,3,0,0,308
-143506,3,2,0,268
-143506,1,2,0,38
-143242,3,2,0,54
-142896,2,2,0,54
-141274,1,2,0,52
-141274,2,0,0,16
-141274,3,0,0,1861
-141274,3,1,0,63
-139319,3,2,0,70
-139166,0,1,0,39
-138612,1,0,0,242
-136753,1,1,0,35
-136753,1,2,0,34
-136517,2,0,0,16
-136319,1,0,0,42
-135705,0,0,0,132
-135705,2,2,0,1622
-135705,2,1,0,1333
-135459,3,1,0,1603
-135235,3,0,0,43
-134268,0,2,0,96
-133868,0,2,0,52
-133442,2,1,0,43
-133322,0,0,0,1890
-133322,2,2,0,1281
-133322,0,1,0,117
-133322,0,2,0,43
-131477,0,0,0,79
-130632,0,0,0,33
-129914,0,1,0,23
-129914,0,0,0,40
-129627,1,2,0,58
-129265,0,0,0,30
-128882,1,0,0,42
-128314,2,0,0,42
-128046,0,1,0,23
-128046,1,0,0,129
-127855,3,2,0,1152
-127767,0,2,0,25
-127645,3,2,0,1835
-127645,1,0,0,261
-127543,3,0,0,33
-125705,1,0,0,55
-125490,1,0,0,1729
-125490,0,0,0,297
-123740,2,0,0,24
-123718,3,2,0,90
-122914,2,2,0,111
-122868,1,2,0,77
-122637,2,2,0,54
-122391,0,0,0,99
-121417,1,2,0,256
-121401,1,2,0,505
-121401,1,1,0,240
-120543,3,0,0,36
-120226,0,1,0,110
-118006,1,0,0,159
-118006,0,2,0,35
-117891,1,2,0,68
-117891,3,0,0,76
-117448,3,2,0,1801
-117448,3,1,0,1363
-117156,3,0,0,76
-116714,3,0,0,166
-116456,2,2,0,16
-115241,0,0,0,147
-114948,2,0,0,778
-114838,2,2,0,1416
-114838,2,1,0,649
-114291,2,2,0,356
-112742,2,0,0,378
-112742,2,2,0,756
-111491,2,1,0,17
-110617,0,2,0,108
-109678,2,1,0,18
-109570,2,0,0,26
-108198,3,2,0,151
-107521,3,0,0,158
-107422,0,2,0,67
-107422,3,2,0,31
-107035,0,0,0,1028
-104122,0,2,0,162
-101861,0,1,0,24
-101726,2,2,0,87
-101426,2,2,0,656
-100203,0,1,0,92
-100203,1,0,0,1614
-100203,2,1,0,36
-100203,3,2,0,77
-100203,0,2,0,1126
-100203,2,0,0,49
-100060,2,2,0,19
-98981,1,2,0,211
-98769,1,2,0,1701
-98653,0,0,0,85
-98521,3,2,0,86
-98405,0,1,0,1887
-98405,1,0,0,61
-98405,2,2,0,59
-98405,3,2,0,118
-98405,0,2,0,1967
-98405,0,0,0,1508
-98120,0,0,0,25
-96942,3,2,0,143
-94907,0,2,0,152
-94581,1,1,0,40
-94322,2,0,0,29
-94279,2,0,0,36
-94020,3,0,0,36
-93746,3,1,0,112
-93675,0,2,0,88
-93365,3,0,0,65
-92698,3,2,0,42
-92199,1,0,0,1784
-92199,0,2,0,61
-92199,1,1,0,465
-91129,3,2,0,59
-91129,3,0,0,61
-91006,0,2,0,351
-89991,1,1,0,140
-88772,0,0,0,99
-88765,3,1,0,130
-88647,1,1,0,73
-88647,2,2,0,19
-86230,3,1,0,32
-86200,3,0,0,40
-85453,3,1,0,45
-85452,3,0,0,32
-85279,0,0,0,64
-84174,1,2,0,704
-83306,2,0,0,50
-83306,1,1,0,32
-81907,0,1,0,22
-81369,2,2,0,577
-81238,0,0,0,406
-81208,2,1,0,18
-81167,1,0,0,136
-80717,2,1,0,34
-80684,3,2,0,82
-80537,0,0,0,23
-79703,3,1,0,1656
-79703,0,2,0,29
-79703,3,2,0,150
-78904,2,1,0,59
-78471,1,2,0,232
-78263,2,0,0,24
-77920,1,0,0,339
-77920,1,1,0,155
-77515,0,1,0,65
-77268,3,2,0,50
-76558,2,1,0,20
-76558,2,0,0,16
-75497,0,1,0,21
-75341,2,2,0,243
-75157,3,2,0,152
-75022,2,2,0,1257
-75018,2,2,1,334
-75018,2,2,3,39
-75018,2,0,0,23
-75005,0,0,0,606
-74726,0,1,0,298
-73921,1,2,0,33
-73740,3,0,0,591
-73740,3,1,0,1069
-73740,3,2,0,43
-72599,3,1,0,43
-72599,1,0,0,936
-72497,1,1,0,1606
-72081,2,0,0,41
-72040,1,2,0,211
-71316,1,2,0,102
-71083,0,0,0,1884
-70965,0,0,0,1396
-70965,2,2,0,93
-70873,1,1,0,38
-70873,2,0,0,21
-70672,3,1,0,189
-70494,3,2,0,40
-70111,0,0,0,49
-69767,2,2,0,20
-69590,1,0,0,61
-68698,0,2,0,44
-68658,1,1,0,1827
-68658,0,2,0,51
-68658,3,2,0,1320
-68658,1,2,0,89
-68658,3,0,0,124
-68658,1,0,0,857
-68658,3,1,0,81
-68381,0,0,0,58
-67890,3,2,0,35
-67857,2,2,0,1564
-67762,1,1,0,82
-67386,1,0,0,50
-67303,1,2,0,1208
-67303,3,0,0,52
-65906,3,2,0,54
-65804,3,0,0,61
-64354,0,1,0,46
-63453,0,1,0,34
-63447,1,0,0,76
-62346,0,0,0,1735
-62345,1,0,0,132
-62345,2,2,0,187
-62345,3,2,0,1320
-62345,3,0,0,333
-62345,2,0,0,676
-62345,3,1,0,517
-59230,0,0,0,85
-59165,0,0,0,1688
-59165,3,1,0,66
-58651,2,2,0,642
-57501,2,1,0,17
-56611,3,0,0,1759
-55752,1,1,0,32
-55711,0,2,0,33
-53164,3,0,0,35
-53093,2,2,0,96
-50666,2,1,0,25
-50642,2,1,0,55
-50102,1,0,0,62
-50102,0,2,0,1187
-50046,0,0,0,23
-49995,2,2,0,1543
-49995,0,0,0,114
-49995,1,0,0,46
-49995,2,1,0,183
-49619,1,2,0,330
-49401,2,0,0,1250
-49401,2,1,0,50
-49401,2,2,0,134
-48996,2,2,0,1673
-48972,1,2,0,42
-48473,0,0,0,815
-46755,1,1,0,53
-45422,0,2,0,119
-45407,2,2,0,95
-45306,3,1,0,102
-45306,3,2,0,104
-43373,2,0,0,87
-42965,2,1,0,16
-42938,3,0,0,37
-42744,1,2,0,1636
-42307,0,0,0,28
-41806,0,0,0,527
-41249,2,0,0,23
-40027,0,2,0,23
-39593,0,0,0,1754
-39593,3,2,0,1679
-39592,2,1,0,29
-39592,0,1,0,83
-39469,3,1,0,198
-39233,3,1,0,35
-39077,3,0,0,1651
-38824,2,2,0,21
-37414,2,1,0,72
-37255,3,2,0,33
-37218,3,0,0,102
-37137,3,1,0,1536
-37137,3,2,0,42
-36688,0,2,0,1932
-36688,3,1,0,45
-36201,3,1,0,209
-34894,3,2,0,74
-34894,1,2,0,80
-34894,3,0,0,345
-34638,3,2,0,69
-32612,2,2,0,47
-32232,1,1,0,172
-31495,2,0,0,162
-31092,2,1,0,41
-31092,2,2,0,18
-29678,0,2,0,139
-29303,0,2,0,22
-29050,0,2,0,89
-28619,0,1,0,67
-28303,1,1,0,164
-26922,0,0,0,24
-26922,2,1,0,16
-26510,0,1,0,761
-25829,2,2,0,1706
-25829,0,0,0,101
-25828,2,1,0,105
-25828,2,0,0,80
-25499,2,2,0,17
-25441,0,2,0,87
-23418,1,1,0,33
-23393,0,2,0,38
-23076,0,2,0,31
-22949,3,1,0,35
-22187,0,1,0,0
-22187,3,2,0,43
-22187,0,0,0,1793
-22187,0,1,1,205
-22187,0,2,0,58
-22187,0,1,3,29
-21987,1,1,0,38
-21961,3,0,0,38
-21829,0,1,0,74
-21829,0,2,0,22
-21813,1,0,0,65
-21713,0,0,0,1774
-21713,0,1,0,1140
-21107,1,2,0,76
-20774,3,1,0,36
-19765,1,0,0,1765
-19765,0,2,0,269
-19560,0,2,0,163
-19102,0,0,0,38
-17788,3,2,0,215
-17665,3,1,0,1373
-17516,0,2,0,48
-17463,2,0,0,19
-16314,2,0,0,1166
-16314,2,1,0,18
-15987,0,0,0,46
-15620,1,0,0,265
-15511,2,1,0,1040
-15511,3,2,0,512
-14930,0,1,0,136
-13566,0,0,0,37
-12990,1,1,0,43
-12990,3,2,0,108
-12455,1,0,0,1569
-10515,0,1,0,41
-10442,3,2,0,47
-8827,0,2,0,81
-8808,1,2,0,57
-8744,1,0,0,171
-8509,1,2,0,1861
-8000,2,0,0,31
-8000,3,0,0,54
-7278,2,2,0,66
-7061,1,0,0,461
-6370,2,2,0,60
-5921,1,0,0,188
-5309,2,2,0,26
-3810,0,2,0,65
-3282,3,0,0,81
-3255,3,1,0,1710
-3255,0,2,0,28
-3255,3,2,0,129
-3255,3,0,0,688
-3053,1,2,0,244
-2440,1,1,0,1730
-2440,1,0,0,1658
-2440,1,2,0,52
-2347,0,0,0,133
-1499,3,2,0,44
-678,1,0,0,254
-12,1,0,0,32
536,0,0,0,30
990,0,1,0,119
1159,0,0,0,1779
1679,0,0,0,254
1822,2,2,0,18
2014,1,0,0,42
2791,2,1,0,18
3085,2,2,0,1228
3525,2,1,0,183
3540,1,1,0,1642
3540,1,2,0,1661
4235,3,1,0,1604
4235,3,2,0,1365
4964,1,1,0,40
5809,3,2,0,90
6062,1,0,0,38
7017,0,1,0,23
7475,0,2,0,52
7586,2,2,0,26
8191,0,1,0,104
8451,0,0,0,34
9025,3,2,0,39
9174,1,2,0,1668
9174,1,1,0,42
9922,3,1,0,99
11675,1,2,0,70
12209,2,1,0,351
12209,0,1,0,233
12209,0,0,0,68
12209,2,2,0,136
12585,1,0,0,79
12949,2,2,0,16
13190,3,1,0,33
13482,2,2,0,590
13540,1,2,0,33
14066,3,1,0,1648
14067,3,0,0,700
16708,0,0,0,111
16718,3,1,0,33
16889,0,2,0,28
18026,2,2,0,1392
18026,2,1,0,423
18765,3,0,0,41
19907,2,0,0,54
19907,2,1,0,26
19907,2,2,0,38
20182,3,0,0,78
21252,1,1,0,101
21252,3,2,0,110
21252,0,2,0,84
21252,2,1,0,23
21252,0,1,0,28
21391,1,2,0,42
21391,1,1,0,34
23278,2,2,0,52
23475,0,1,0,209
23480,0,0,0,24
24373,3,1,0,1687
24373,0,2,0,1483
24373,1,0,0,66
24687,0,1,0,1744
24687,2,1,0,1469
24687,3,2,0,1753
24687,2,2,0,1515
24687,0,0,0,126
24687,2,0,0,21
25548,3,0,0,67
25574,0,0,0,385
25589,1,0,0,1759
25786,3,0,0,86
26258,0,2,0,1793
28074,0,2,0,1927
28379,0,2,0,1944
28989,0,1,0,1034
29034,0,2,0,102
29692,1,0,0,34
31139,0,0,0,1904
31139,0,1,0,81
31557,2,0,0,279
31557,2,1,0,32
31878,1,0,0,1523
31878,1,1,0,1320
31878,1,2,0,655
32573,2,1,0,137
33238,2,0,0,1707
33238,2,2,0,244
35647,2,2,0,1292
35647,2,1,0,31
35982,0,1,0,153
36105,2,0,0,168
36186,0,2,0,110
36276,2,2,0,21
36621,2,2,0,1224
36621,2,0,0,34
36621,2,1,0,41
36749,2,0,0,97
36749,3,2,0,1688
36848,2,0,0,20
37294,3,2,0,159
38593,1,0,0,69
38713,0,2,0,404
40405,3,0,0,38
42095,3,1,0,53
42277,2,0,0,53
42277,3,2,0,471
42382,3,2,0,1842
42382,1,1,0,1508
42382,3,1,0,248
42809,2,0,0,1806
42809,3,2,0,1858
42809,0,1,0,23
42809,1,0,0,37
42809,1,1,0,172
42809,2,1,0,1829
42809,3,0,0,780
42809,2,2,0,1737
42809,3,1,0,1497
43984,2,2,0,155
45742,1,1,0,1495
46519,3,1,0,39
46651,1,0,0,49
46831,3,1,0,44
47782,1,0,0,445
49011,3,1,0,33
49413,0,2,0,44
49498,3,2,0,150
50221,2,0,0,21
50288,2,1,0,17
50288,2,0,0,16
50683,2,2,0,33
51819,1,0,0,208
52985,0,2,0,41
53087,2,0,0,16
53201,2,1,0,17
53472,3,2,0,33
53646,2,1,0,62
54531,0,1,0,1250
55269,0,2,0,38
55683,1,2,0,40
56317,0,1,0,123
56505,0,1,0,23
56505,2,2,0,57
56555,2,1,0,42
57473,3,0,0,36
57686,1,2,0,39
57809,2,1,0,44
57809,2,2,0,32
58066,0,2,0,21
59476,1,2,0,127
60008,0,2,0,111
60252,1,1,0,174
60252,3,1,0,34
61121,1,2,0,33
61176,1,2,0,39
61502,0,0,0,96
61502,2,2,0,24
61852,1,2,0,34
62742,2,1,0,313
63272,0,1,0,23
63808,3,1,0,184
63855,0,1,0,125
64242,1,2,0,39
64852,0,1,0,125
64860,3,1,0,40
65880,1,2,0,263
65957,0,2,0,1658
65957,2,1,0,639
66161,0,2,0,41
66213,1,0,0,33
66213,3,1,0,37
66646,0,0,0,81
67353,0,0,0,58
67742,0,2,0,1627
67742,1,0,0,1755
67742,2,0,0,179
67988,0,1,0,21
67988,2,1,0,29
68882,2,1,0,19
69661,0,0,0,460
69666,3,1,0,182
69741,0,0,0,26
70353,0,1,0,1810
70353,0,0,0,347
71233,0,0,0,48
71233,1,2,0,100
71233,1,0,0,95
71233,1,1,0,122
71889,0,0,0,103
71889,0,1,0,332
72088,1,0,0,233
72103,3,0,0,141
72103,1,2,0,41
72206,0,0,0,28
72309,1,1,0,1530
73036,1,2,0,1132
73324,2,0,0,24
73375,0,2,0,149
73683,1,0,0,36
75533,0,0,0,119
75975,0,2,0,389
75975,1,0,0,188
75975,2,0,0,27
76666,0,0,0,53
77025,1,1,0,128
77520,1,2,0,75
77879,1,1,0,41
79529,3,1,0,1480
79529,3,2,0,87
80419,0,0,0,1349
80419,2,1,0,16
80420,1,2,0,34
80420,1,0,0,42
81035,1,0,0,104
81293,0,1,0,114
81293,2,2,0,1501
81293,2,1,0,88
81293,0,0,0,50
81412,1,2,0,50
82790,0,1,0,79
83782,2,0,0,18
84159,3,0,0,300
84572,2,1,0,16
84638,2,2,0,18
84837,2,2,0,77
84844,2,0,0,565
85129,1,2,0,60
85430,0,0,0,234
85828,0,1,0,1631
85828,2,0,0,1714
85828,3,1,0,51
85828,2,1,0,1706
85828,0,2,0,89
85828,0,0,0,57
85828,2,2,0,1523
86559,0,2,0,111
86940,0,1,0,29
87469,2,0,0,47
87863,0,0,0,21
88087,0,1,0,36
88527,3,1,0,622
88845,1,0,0,50
89106,1,1,0,246
89440,0,2,0,80
89498,2,0,0,43
89498,3,2,0,63
90395,0,2,0,159
90529,2,2,0,53
90700,0,2,0,38
90797,1,2,0,1562
90798,0,1,0,55
90798,0,2,0,40
90798,1,0,0,85
90798,1,1,0,799
93220,0,2,0,22
93299,1,0,0,45
93326,0,0,0,64
93386,3,2,0,144
94754,1,0,0,56
95792,2,0,0,333
96784,1,2,0,1434
97595,0,1,0,55
98378,2,1,0,18
98466,3,1,0,35
98683,3,1,0,38
99472,0,2,0,44
99472,3,1,0,59
99599,2,1,0,1380
99941,0,0,0,175
100168,0,1,0,183
101015,3,0,0,687
101352,3,2,0,60
101377,0,2,0,62
101672,1,2,0,32
101854,0,0,0,28
102136,0,2,0,1830
102136,1,0,0,35
102136,3,2,0,33
102275,0,1,0,21
102275,2,1,0,1215
102639,0,0,0,156
102639,2,0,0,42
102639,0,1,0,137
103027,0,1,0,29
103459,0,0,0,53
103599,0,0,0,56
103987,0,0,0,30
105981,0,1,0,41
107726,2,2,0,37
107868,2,1,0,24
108388,2,1,0,25
108475,2,1,0,21
108930,1,1,0,45
110173,0,0,0,44
110232,0,0,0,2127
110232,2,1,0,1684
110232,3,2,0,1923
110232,1,2,0,133
110232,0,1,0,1766
110232,2,2,0,1698
110232,1,0,0,350
110232,0,2,0,2025
110232,2,0,0,1658
110296,0,0,0,79
110296,1,0,0,41
110376,0,2,0,37
110553,3,1,0,31
111226,1,2,0,214
112821,2,2,0,1757
112821,3,1,0,1651
112821,0,0,0,1878
112821,1,1,0,107
112821,0,2,0,86
112821,2,0,0,1639
112821,2,1,0,1353
112823,2,2,3,72
112823,2,1,3,67
112824,2,2,1,129
112824,2,1,1,74
116269,3,0,0,147
116460,2,0,0,38
117202,1,0,0,51
117552,1,0,0,381
119125,1,2,0,1800
119125,2,2,0,1685
119125,3,1,0,35
119125,1,0,0,1722
119125,2,0,0,150
119125,1,1,0,1648
119125,2,1,0,17
119177,2,0,0,1616
119177,3,2,0,1738
119178,2,1,0,42
119675,0,1,0,1607
119675,1,1,0,279
119675,2,2,0,239
119675,3,1,0,40
119675,0,2,0,1624
119675,1,0,0,313
119675,2,0,0,53
119675,0,0,0,349
120592,3,0,0,152
120592,0,2,0,1730
120592,1,0,0,1232
120592,2,0,0,64
120592,0,1,0,112
120981,0,1,0,799
121174,3,0,0,394
121174,1,1,0,41
121174,3,1,0,83
121174,3,2,0,727
121479,0,1,0,227
121479,2,2,0,20
121479,0,0,0,82
121686,3,0,0,841
122030,0,2,0,63
122030,1,1,0,40
122169,3,0,0,177
123148,0,1,0,72
123148,3,2,0,38
123148,0,0,0,491
123158,3,1,0,38
123826,1,0,0,52
124001,2,0,0,47
124562,0,2,0,2304
124562,1,0,0,1851
124562,2,1,0,81
124562,3,1,0,38
124562,0,1,0,1910
124562,1,1,0,1672
124562,2,2,0,138
124562,3,2,0,75
124562,0,0,0,470
124562,1,2,0,354
124562,2,0,0,46
124788,1,2,0,88
125033,3,1,0,348
125182,0,2,0,87
126020,3,1,0,36
126306,2,0,0,228
126614,3,1,0,36
127105,1,1,0,34
127658,0,2,0,31
127658,1,0,0,67
127658,1,1,0,50
128452,3,2,0,65
129045,2,1,0,208
129208,1,2,0,102
129219,0,0,0,24
129219,2,0,0,24
129255,3,0,0,33
129859,2,2,0,25
130174,2,1,0,19
131026,0,1,0,30
132674,2,1,0,29
132694,2,2,0,65
132966,1,2,0,97
133281,0,0,0,35
133396,3,0,0,89
133623,0,0,0,1570
133623,0,1,0,931
133623,0,2,0,65
134024,2,2,0,17
134645,2,2,0,284
134645,0,1,0,335
135999,3,1,0,36
136340,0,2,0,32
136557,2,1,0,17
136562,2,0,0,21
137094,3,2,0,155
137429,0,2,0,22
137827,0,2,0,68
138690,1,2,0,109
138690,1,1,0,50
139058,1,2,0,1650
140218,1,2,0,276
140218,1,0,0,108
140815,1,0,0,31
141931,0,0,0,1740
142559,1,0,0,543
142669,0,0,0,25
142754,0,0,0,68
143221,2,2,0,51
143832,2,2,0,16
145603,2,1,0,38
145664,2,0,0,1605
146085,0,2,0,135
146932,2,1,0,48
147296,3,2,0,39
147746,1,0,0,211
147791,2,2,0,100
148154,3,2,0,2210
148154,0,2,0,2012
148154,1,0,0,1856
148154,2,0,0,1529
148154,3,1,0,1523
148155,0,0,0,209
148155,1,1,0,990
148155,2,1,0,19
148155,0,1,0,564
148155,1,2,0,519
148155,2,2,0,21
148806,0,2,0,48
148868,3,2,0,37
150586,3,0,0,153
150746,2,0,0,45
150776,1,2,0,81
151915,2,0,0,93
153145,3,1,0,98
153650,3,1,0,39
153724,2,1,0,35
154383,2,0,0,19
154478,0,2,0,37
154632,1,0,0,105
154911,3,2,0,1759
155857,0,1,0,1909
155857,2,0,0,1770
155857,1,0,0,1200
155857,3,2,0,142
155857,0,2,0,2150
155857,2,1,0,47
155857,0,0,0,1665
155859,2,0,3,76
155861,2,0,1,124
155924,0,1,0,24
156891,1,0,0,183
157137,2,1,0,26
157248,2,1,0,17
157386,2,2,0,77
157912,1,0,0,69
157998,2,0,0,41
158250,0,2,0,23
158513,2,0,0,22
158513,3,2,0,382
159611,2,2,0,21
159691,2,0,0,16
159846,2,0,0,30
159846,3,2,0,1975
159846,2,2,0,274
160285,0,2,0,253
160285,2,0,0,21
160346,0,0,0,81
161786,0,2,0,26
161931,3,2,0,1869
162868,0,1,0,535
164910,1,1,0,98
166455,1,0,0,106
166592,1,0,0,193
166592,3,1,0,877
166592,1,1,0,31
166651,3,1,0,1632
168195,0,0,0,1838
168544,2,2,0,28
169145,3,1,0,31
169248,3,0,0,41
170090,0,2,0,31
170090,2,0,0,184
170732,0,0,0,361
171396,2,1,0,39
171845,1,0,0,52
172091,0,2,0,72
172666,0,2,0,52
172750,3,0,0,42
172867,3,0,0,123
173441,0,0,0,164
174064,3,2,0,1730
174064,3,1,0,222
174914,1,1,0,36
175482,3,1,0,1596
175483,3,2,0,1436
175486,3,1,3,56
175486,3,2,3,41
175487,3,1,1,255
175487,3,2,1,157
176224,2,2,0,19
176822,0,0,0,68
178099,1,0,0,39
178099,1,1,0,56
178112,3,0,0,146
179802,2,0,0,26
179802,2,1,0,37
180933,0,2,0,1343
180933,1,0,0,573
182813,0,1,0,105
183526,1,0,0,82
183526,3,2,0,65
183562,3,2,0,53
183834,3,0,0,76
185468,2,1,0,22
185983,0,2,0,140
185983,1,1,0,281
186468,2,2,0,51
186617,1,0,0,63
187046,0,0,0,27
187346,0,1,0,130
187513,1,0,0,158
187588,0,2,0,1869
187836,0,2,0,21
187836,2,0,0,55
191268,0,2,0,98
192219,2,2,0,1666
192219,3,2,0,1484
192220,2,0,0,405
192220,3,1,0,105
192220,2,1,0,591
192360,0,2,0,48
192652,3,2,0,64
192707,3,0,0,110
193823,2,2,0,48
194000,3,0,0,94
194104,1,1,0,1659
194104,1,0,0,1735
194111,2,2,0,19
196260,2,2,0,21
196891,3,0,0,33
197582,0,2,0,36
198013,3,0,0,71
198013,3,2,0,41
198800,3,0,0,1863
198800,2,2,0,1561
198800,2,0,0,1539
198800,3,1,0,1664
198800,2,1,0,443
198800,3,2,0,1868
198880,1,2,0,229
199212,2,0,0,17
200010,2,0,0,59
201126,1,1,0,71
201126,3,1,0,39
202066,1,0,0,59
203383,0,2,0,386
203802,2,1,0,1587
203802,2,2,0,227
203802,2,0,0,23
204153,1,0,0,64
205373,0,2,0,31
207549,0,2,0,53
207549,1,1,0,1748
207549,3,2,0,70
207549,1,2,0,411
207549,1,0,0,57
207858,0,1,0,48
207858,0,0,0,77
209963,0,2,0,121
210095,2,2,0,76
210307,2,0,0,29
211753,1,2,0,42
212761,2,1,0,20
212972,0,0,0,26
213496,3,2,0,38
213503,1,0,0,1607
213513,1,1,0,49
213513,1,2,0,375
215132,0,1,0,23
215317,1,2,0,80
215785,0,2,0,31
216197,1,0,0,38
217483,2,1,0,21
217740,1,1,0,53
218818,0,2,0,577
219382,1,0,0,426
219596,2,2,0,20
219618,3,1,0,36
219856,1,0,0,34
219875,1,0,0,167
220855,1,2,0,1799
220855,3,0,0,1835
220855,1,1,0,1089
220855,3,1,0,1621
220855,3,2,0,1693
221030,3,2,0,115
221791,0,2,0,44
221791,1,2,0,49
223398,3,0,0,201
223568,1,1,0,112
223751,0,2,0,22
225052,2,0,0,19
225117,2,1,0,19
225295,3,2,0,38
225503,2,2,0,107
225503,0,2,0,192
225535,2,1,0,155
225535,3,1,0,112
225535,2,0,0,547
225535,3,2,0,44
225907,3,2,0,41
225987,0,2,0,24
226003,3,2,0,1836
226003,1,2,0,1728
226003,2,0,0,1453
226003,1,1,0,1413
226003,3,1,0,1625
226098,0,1,0,84
226602,3,0,0,1733
226831,2,1,0,24
227453,2,1,0,49
227881,1,1,0,42
228612,0,0,0,25
228633,3,2,0,135
228906,2,0,0,21
229401,3,1,0,33
229645,0,1,0,1771
229645,0,2,0,1010
229645,0,0,0,49
230708,1,0,0,1626
230708,1,1,0,443
230974,1,2,0,47
231424,0,0,0,374
231424,2,2,0,16
231424,0,2,0,42
231968,3,0,0,69
232157,2,2,0,17
232441,1,0,0,1939
232441,3,0,0,1938
232441,0,2,0,1957
232441,1,1,0,1966
232441,3,1,0,1738
232441,1,2,0,1914
232442,2,0,0,47
232442,3,2,0,139
232455,3,0,1,237
232455,3,0,3,30
232478,2,1,0,61
232523,0,0,0,506
232584,1,1,0,150
233118,2,2,0,18
233118,2,0,0,16
233161,3,0,0,1691
233822,3,2,0,35
233903,0,0,0,1714
233903,2,2,0,1545
233903,0,1,0,91
233903,2,1,0,19
236377,1,2,0,41
237613,0,0,0,112
237613,1,0,0,149
237688,0,0,0,65
237832,3,2,0,157
239023,1,2,0,162
244026,1,2,0,90
244533,0,2,0,1668
244533,1,0,0,411
244533,0,1,0,651
244533,1,1,0,230
246564,3,1,0,35
246895,2,2,0,103
247729,1,0,0,545
247736,2,1,0,41
248417,0,0,0,134
248493,1,1,0,41
248493,1,2,0,280
248827,1,0,0,1490
248873,0,2,0,56
249350,0,0,0,25
249383,1,0,0,32
249678,2,2,0,1540
249678,2,0,0,62
250861,2,0,0,101
250861,2,2,0,63
251115,0,0,0,1567
251115,2,0,0,22
251289,2,2,0,304
251289,2,1,0,16
251423,1,2,0,1769
251424,1,1,0,59
251764,2,1,0,1617
251764,2,0,0,1693
251765,2,2,0,609
252518,0,2,0,84
252851,2,1,0,47
252851,0,0,0,22
253904,0,0,0,24
253922,2,2,0,23
254080,2,0,0,27
256059,2,2,0,18
256943,3,0,0,43
257168,1,0,0,36
257285,0,1,0,43
257292,0,1,0,79
257634,0,2,0,26
257637,1,0,0,61
257714,2,1,0,18
258525,0,2,0,22
258808,2,2,0,43
260260,0,0,0,158
260497,1,1,0,32
261640,1,1,0,152
261775,2,1,0,82
262440,0,0,0,57
262880,0,1,0,30
263019,0,0,0,1786
263020,2,2,0,80
263051,2,1,0,44
263254,1,1,0,90
263593,1,0,0,148
263881,0,0,0,43
263958,1,0,0,883
264199,0,2,0,160
264311,0,2,0,43
264562,2,2,0,63
265331,2,0,0,21
265656,1,0,0,82
266030,1,0,0,111
266304,2,1,0,63
266378,3,1,0,1695
266740,1,0,0,68
267058,2,2,0,1191
267058,0,2,0,34
267058,2,1,0,470
267451,1,1,0,1694
267451,2,0,0,1671
267451,3,0,0,60
267451,0,2,0,78
267451,1,0,0,54
267451,2,1,0,291
267451,3,2,0,154
267451,2,2,0,369
267706,1,0,0,35
267956,0,0,0,58
268336,1,2,0,76
268485,0,2,0,39
268684,0,1,0,1945
268684,1,0,0,1552
268684,3,2,0,53
268684,0,2,0,1613
268684,1,1,0,54
268684,3,1,0,39
268684,0,0,0,92
269592,0,0,0,32
269673,3,2,0,41
269905,1,1,0,1549
269905,1,2,0,1622
269906,0,0,0,239
270253,0,1,0,62
270253,1,1,0,96
270253,0,0,0,31
270488,2,2,0,922
271683,3,0,0,540
271704,2,0,0,20
272321,3,0,0,263
272611,0,0,0,195
272791,1,1,0,1330
278014,2,2,0,16
278114,1,1,0,143
278215,0,1,0,29
279313,0,2,0,1016
280255,0,1,0,2046
280255,1,0,0,250
280255,2,2,0,55
280255,0,0,0,718
280255,2,1,0,43
280255,0,2,0,1081
281102,0,2,0,25
281869,3,1,0,139
281890,0,2,0,130
281890,0,1,0,22
282991,0,0,0,71
283264,0,1,0,29
285197,3,1,0,1576
285197,3,0,0,260
285360,3,1,0,31
286134,1,1,0,42
286690,3,2,0,274
287254,3,2,0,243
287387,0,1,0,201
287791,2,0,0,19
287970,0,0,0,42
288487,0,0,0,911
288487,1,1,0,33
288487,0,1,0,78
288487,1,0,0,33
289905,0,0,0,213
290327,3,1,0,1054
291514,1,2,0,45
291514,2,1,0,28
291514,3,0,0,1404
291514,3,1,0,857
291631,3,2,0,33
291759,2,1,0,47
292498,2,0,0,21
293216,2,0,0,207
293230,0,1,0,26
293376,3,2,0,39
295114,3,1,0,49
295933,2,2,0,44
297190,3,1,0,32
297751,2,1,0,65
297751,2,2,0,684
298461,0,1,0,667
298594,0,2,0,94
300718,3,0,0,87
300921,0,2,0,35
300921,1,1,0,1712
300921,1,2,0,1153
301259,0,1,0,48
301825,3,1,0,131
302527,3,1,0,38
303430,2,2,0,19
303528,1,1,0,505
304827,0,1,0,69
304827,0,2,0,69
305022,2,0,0,38
305069,2,0,0,40
305394,2,1,0,71
305555,1,1,0,1760
305555,2,1,0,1632
305555,1,2,0,1665
305555,1,0,0,1607
305556,0,2,0,89
305556,2,2,0,39
305556,0,0,0,112
305556,0,1,0,702
305759,2,2,0,311
305817,2,2,0,500
305904,2,1,0,1124
305904,2,2,0,674
306469,2,1,0,33
307208,2,1,0,20
308023,2,0,0,179
308023,3,2,0,108
308023,2,1,0,54
308238,2,1,0,67
308238,2,2,0,51
308572,3,0,0,33
308974,1,1,0,1664
309196,2,1,0,1516
309196,3,1,0,121
309196,0,1,0,39
309196,2,0,0,37
309196,3,2,0,98
309198,2,0,0,70
310616,2,2,0,59
310616,2,1,0,40
310691,1,1,0,1549
310691,1,2,0,113
311695,1,2,0,52
312537,0,2,0,33
312629,2,2,0,74
312693,0,2,0,22
313054,0,1,0,1501
313515,2,2,0,1514
313515,2,1,0,18
315446,2,2,0,1704
315446,2,1,0,41
315804,3,2,0,40
316818,0,2,0,120
316818,1,0,0,71
317447,3,1,0,1609
317447,3,0,0,241
317849,3,2,0,49
318928,1,0,0,87
318928,3,1,0,32
319170,1,1,0,75
319357,2,0,0,16
319645,3,1,0,367
320913,2,2,0,65
322159,2,2,0,20
322509,2,0,0,19
323595,2,1,0,27
324170,0,2,0,42
324170,0,1,0,29
324332,0,2,0,47
326227,2,1,0,17
327519,3,1,0,349
328346,1,0,0,32
330102,0,0,0,1852
330102,3,1,0,148
330102,1,0,0,120
330102,2,1,0,1088
330102,0,2,0,1834
330102,1,1,0,86
330102,2,2,0,45
330102,3,2,0,178
330102,0,1,0,895
330102,2,0,0,280
330104,0,1,3,57
330105,0,1,1,189
330450,0,1,0,25
330516,0,2,0,45
330516,2,0,0,55
330674,0,2,0,26
331610,3,2,0,61
332458,2,1,0,35
333081,3,0,0,65
333322,3,1,0,33
333322,3,2,0,159
333365,0,0,0,1418
333392,2,2,0,139
333941,0,2,0,35
334284,0,2,0,50
335005,3,1,0,46
335747,2,2,0,38
336080,0,2,0,36
336276,0,1,0,144
336797,0,2,0,117
336797,0,1,0,66
336934,0,0,0,44
336934,0,1,0,75
337056,2,0,0,35
337473,2,2,0,380
337517,0,1,0,76
337517,0,2,0,137
338711,0,2,0,258
340699,2,2,0,1053
341808,0,0,0,27
343471,0,2,0,23
345100,1,2,0,39
345126,3,0,0,71
345126,1,2,0,49
345641,1,0,0,44
345922,1,2,0,49
345922,1,1,0,93
346211,0,0,0,114
346421,3,0,0,42
346602,1,0,0,88
346681,2,1,0,166
346686,0,2,0,38
346770,0,0,0,225
347018,3,0,0,33
350273,1,0,0,71
350633,2,2,0,20
351770,0,2,0,1927
351770,1,0,0,1728
351770,0,1,0,1334
352261,0,1,0,1827
352261,0,2,0,182
352261,0,0,0,49
352815,1,0,0,1890
352815,0,1,0,66
352815,0,2,0,316
352815,1,1,0,1946
352815,1,2,0,329
352815,0,0,0,102
353699,2,1,0,24
353712,2,2,0,160
354071,1,0,0,273
354252,0,2,0,61
354337,1,1,0,37
355716,2,0,0,18
356122,1,0,0,38
356143,0,0,0,377
358228,1,0,0,1850
358228,0,0,0,50
358228,2,0,0,25
358228,3,2,0,264
358228,1,1,0,409
358228,3,1,0,42
358265,0,0,0,104
358265,1,0,0,308
358265,3,1,0,260
358265,1,1,0,392
358265,0,2,0,107
359085,1,1,0,54
359674,1,0,0,57
359674,3,2,0,37
359930,0,1,0,94
361179,1,0,0,49
361648,1,1,0,89
361648,1,0,0,53
361875,1,0,0,1812
361875,2,1,0,17
361875,1,1,0,58
362018,1,0,0,60
362257,3,0,0,73
362736,3,0,0,98
363054,0,2,0,154
363851,0,2,0,1831
363851,0,1,0,99
364019,0,2,0,47
365215,1,1,0,40
366122,1,0,0,63
366676,1,2,0,685
366685,3,2,0,250
366694,3,0,0,1758
367212,2,0,0,21
367212,3,2,0,64
368003,2,2,0,97
368117,2,1,0,192
368117,3,1,0,44
368117,2,2,0,256
368178,2,2,0,36
368312,0,0,0,23
368842,2,1,0,41
369886,3,1,0,53
369886,3,2,0,31
370655,2,0,0,856
371044,2,2,0,1559
371044,2,1,0,47
372281,1,0,0,240
373083,2,1,0,20
373692,1,1,0,43
373766,0,2,0,34
374294,0,0,0,92
374294,2,2,0,92
374294,0,1,0,1226
374417,2,1,0,19
374703,1,0,0,37
375724,3,1,0,1126
376702,0,0,0,151
377012,0,0,0,88
377012,0,1,0,37
377471,2,2,0,1627
377471,2,1,0,43
377797,2,0,0,21
377895,3,0,0,43
379446,3,2,0,68
379664,1,1,0,225
380228,1,0,0,380
381466,2,0,0,19
382005,0,0,0,199
382067,1,2,0,100
382068,1,2,1,139
382068,1,2,3,35
382706,0,0,0,140
383302,0,2,0,32
383490,1,2,0,39
383936,0,0,0,143
384711,3,2,0,1825
384866,2,2,0,151
385124,0,1,0,43
385124,2,1,0,45
385260,0,0,0,62
385261,2,2,0,25
386097,2,0,0,26
386098,1,1,0,39
386236,2,2,0,50
387356,2,1,0,19
389064,3,1,0,37
389389,2,0,0,27
389555,3,1,0,189
389852,0,1,0,27
391754,1,0,0,116
392107,3,2,0,149
392107,2,0,0,21
393126,0,0,0,54
393920,0,0,0,60
395972,1,0,0,57
396607,2,1,0,1520
397034,0,2,0,23
397242,0,2,0,38
398454,3,0,0,87
398688,3,2,0,1708
398688,1,0,0,148
398993,3,1,0,61
398993,3,2,0,33
399321,1,1,0,138
399407,3,0,0,34
399407,3,1,0,73
400075,1,0,0,290
401082,3,2,0,105
401082,1,2,0,40
401898,0,0,0,1542
401986,0,1,0,22
402661,3,0,0,48
402735,2,1,0,20
402735,0,0,0,29
402815,0,2,0,2007
402815,2,0,0,1699
402815,3,2,0,2051
402815,1,1,0,1228
402815,0,1,0,1676
402815,1,0,0,767
402815,3,1,0,551
403201,0,1,0,34
404321,0,2,0,177
404360,1,0,0,52
404360,1,2,0,135
404372,3,1,0,34
407585,3,1,0,1733
407765,2,0,0,1398
407765,2,1,0,520
407903,3,2,0,35
408514,0,1,0,117
408622,1,0,0,1687
409237,0,0,0,101
409543,1,2,0,1583
409969,0,2,0,108
409969,2,1,0,20
410215,3,0,0,36
410354,2,1,0,18
410629,2,1,0,96
411079,1,0,0,41
411583,0,2,0,41
411583,1,0,0,1025
411916,1,1,0,40
412191,0,1,0,1624
412191,1,2,0,1135
412191,0,2,0,252
412191,0,0,0,602
412544,1,0,0,57
413008,0,0,0,137
413365,1,2,0,769
414383,2,2,0,1747
414383,0,0,0,201
414383,2,1,0,74
414383,0,1,0,33
416080,1,0,0,62
416080,3,2,0,1814
417012,0,0,0,87
417176,1,0,0,47
417281,3,2,0,237
417632,0,2,0,573
417632,1,0,0,292
418267,0,0,0,68
418318,1,2,0,102
419611,0,1,0,21
419611,2,2,0,34
419677,2,1,0,65
419764,2,2,0,18
421822,2,1,0,71
422645,3,1,0,54
422647,1,2,0,81
422647,0,0,0,240
422648,2,1,0,16
422727,0,2,0,87
422911,3,2,0,1741
422911,2,0,0,150
423272,1,1,0,1478
423273,1,0,0,639
423598,1,1,0,156
424918,0,2,0,67
425545,1,2,0,39
426354,2,0,0,96
426375,3,0,0,49
426416,0,2,0,168
426871,0,1,0,112
426952,0,2,0,2058
426952,1,0,0,85
428074,3,1,0,108
428074,3,0,0,80
428102,0,0,0,525
428343,1,1,0,40
428621,3,2,0,185
428621,2,0,0,37
428627,3,2,0,159
428627,1,0,0,187
428826,3,0,0,1811
428827,3,1,0,47
429413,2,2,0,311
429735,1,1,0,37
429929,0,0,0,884
430601,3,2,0,39
430697,0,2,0,118
430908,1,2,0,135
431374,0,0,0,51
431374,0,1,0,67
432295,3,1,0,1737
432295,2,0,0,24
432295,3,0,0,1996
432442,0,0,0,24
432911,0,2,0,26
433020,2,0,0,39
433020,0,2,0,315
433319,1,0,0,33
433395,0,0,0,24
434565,2,2,0,16
434981,2,0,0,24
435623,1,2,0,1944
435623,3,0,0,91
435623,0,2,0,179
435623,1,0,0,1753
435623,0,1,0,39
435623,1,1,0,1778
435797,2,2,0,18
436254,1,0,0,46
436254,3,0,0,78
436254,3,2,0,35
437077,3,0,0,35
437330,2,2,0,18
437481,2,0,0,198
437725,3,2,0,63
437749,0,2,0,142
437749,1,0,0,77
438176,1,2,0,165
438298,2,0,0,1645
438299,2,1,0,36
438735,0,1,0,123
439669,0,1,0,1696
440077,2,2,0,736
440158,2,2,0,20
440158,0,2,0,76
440158,2,0,0,690
440944,0,0,0,1766
442573,2,2,0,53
442573,2,1,0,16
442908,1,2,0,95
444104,0,0,0,197
445418,2,1,0,1649
445418,3,0,0,1999
445418,0,2,0,1309
445418,1,0,0,706
445418,3,1,0,1882
445418,0,1,0,1111
445418,1,1,0,248
445418,2,0,0,923
445418,3,2,0,1992
445954,1,1,0,34
446011,1,1,0,48
446011,1,2,0,957
446284,1,1,0,36
446677,0,0,0,234
447047,0,1,0,54
447208,3,1,0,38
447609,2,0,0,88
448204,1,2,0,236
448236,3,0,0,482
448318,0,0,0,68
448550,0,1,0,29
448653,2,1,0,50
449331,0,0,0,74
449695,2,0,0,18
449760,0,1,0,49
450231,2,2,0,18
451702,3,1,0,1818
451906,0,2,0,35
451939,0,0,0,104
453011,0,2,0,50
453301,3,0,0,536
453312,1,2,0,1885
453312,1,1,0,98
453782,2,2,0,209
453782,0,0,0,52
453934,3,1,0,38
454213,3,2,0,33
454847,3,0,0,60
455038,1,1,0,121
455172,3,2,0,1396
455172,3,0,0,265
455172,3,1,0,186
455616,1,0,0,696
455616,1,2,0,45
455936,2,0,0,2043
455936,3,2,0,2217
455936,0,2,0,2160
455936,1,1,0,1832
455936,0,0,0,1959
455936,1,2,0,1908
455936,2,1,0,2027
455936,3,0,0,2090
455936,0,1,0,1968
455936,1,0,0,1846
455936,2,2,0,1954
455936,3,1,0,2009
455939,2,2,3,77
455940,2,2,1,109
455941,2,0,3,62
455941,2,1,3,69
455942,2,0,1,126
455943,2,1,1,115
456091,2,0,0,45
456452,3,1,0,41
456983,0,0,0,124
457253,2,0,0,17
457335,3,1,0,33
458290,1,1,0,40
458382,1,2,0,46
458494,2,1,0,55
458494,2,2,0,22
459129,2,1,0,18
460438,1,0,0,49
460584,0,0,0,106
461077,3,1,0,32
461921,0,2,0,47
462070,1,1,0,74
462510,1,2,0,35
462855,2,1,0,17
463117,0,2,0,32
463717,2,0,0,104
464171,0,2,0,47
464581,3,0,0,32
465265,0,1,0,44
465832,1,2,0,42
466445,1,1,0,36
467164,1,1,0,1327
467164,3,2,0,114
467716,0,2,0,111
468207,0,2,0,386
468412,0,2,0,1900
468412,1,0,0,103
468623,1,1,0,33
469768,0,2,0,1993
469768,1,0,0,1662
469768,2,0,0,57
469768,0,1,0,616
469768,1,1,0,65
470287,1,1,0,290
470844,1,2,0,336
471399,1,2,0,1528
471445,0,0,0,22
471969,1,0,0,80
472268,2,1,0,108
472528,1,1,0,1617
472528,1,0,0,42
473756,2,0,0,40
474336,3,1,0,33
474963,2,2,0,69
475097,1,1,0,57
475275,1,0,0,308
476062,3,0,0,54
476083,2,1,0,28
476790,1,0,0,35
477102,1,0,0,32
478252,3,0,0,34
479388,3,1,0,100
479411,2,2,0,29
479739,0,0,0,105
479739,0,0,1,175
479739,0,0,3,104
479754,0,1,0,123
480351,2,1,0,1338
482584,1,0,0,32
483321,0,1,0,37
483867,2,2,0,31
484461,2,1,0,1566
484461,2,2,0,146
484826,2,0,0,56
485710,2,1,0,79
486054,0,1,0,28
486581,3,2,0,115
486972,0,0,0,1058
486979,0,2,0,54
488048,1,2,0,400
488432,3,2,0,47
488882,2,2,0,23
488944,0,0,0,139
489539,2,0,0,18
489799,1,2,0,317
490565,3,1,0,113
491029,2,1,0,54
491338,0,0,0,39
491393,3,0,0,54
491768,0,0,0,470
491875,3,2,0,104
492870,1,2,0,1723
492870,3,0,0,1115
493227,1,1,0,237
493227,2,0,0,1646
493227,3,1,0,39
493227,0,0,0,55
493227,2,1,0,1591
493227,0,1,0,122
493227,0,2,0,113
494043,2,2,0,448
494236,0,0,0,1869
494236,2,2,0,1067
494607,1,0,0,1736
496027,1,1,0,98
496124,2,0,0,52
496357,1,0,0,766
496915,1,2,0,1069
496923,0,1,0,134
497383,0,0,0,86
497849,0,0,0,53
498217,2,0,0,16
498770,1,2,0,165
499087,0,1,0,1663
499465,3,1,0,176
499465,3,0,0,331
499488,2,0,0,18
501861,0,1,0,32
501861,1,0,0,73
501861,3,2,0,138
501939,1,2,0,31
502188,3,1,0,41
502574,0,0,0,600
502790,0,0,0,37
502795,3,1,0,31
502816,0,1,0,59
502911,3,2,0,37
503098,0,0,0,212
503288,3,1,0,35
503778,1,1,0,1733
503778,2,2,0,293
503778,1,2,0,87
503778,1,0,0,1357
504067,0,0,0,44
504154,3,1,0,59
504844,3,2,0,115
505454,3,0,0,80
506137,3,1,0,32
506174,0,1,0,24
506734,3,2,0,56
506836,3,1,0,517
507042,1,2,0,45
507946,0,0,0,107
507946,0,2,0,248
508811,0,2,0,28
509171,0,1,0,42
509861,1,0,0,1807
509861,2,1,0,1625
509861,0,1,0,1825
509861,3,1,0,37
509861,0,2,0,1659
509861,1,1,0,1695
509861,2,2,0,1763
509861,3,2,0,582
509861,0,0,0,98
510805,1,0,0,33
512411,3,0,0,39
512546,0,0,0,38
512576,0,2,0,66
513035,2,1,0,124
514005,3,0,0,341
514079,0,0,0,42
514196,1,0,0,42
514504,3,0,0,144
514930,2,0,0,19
515225,2,1,0,18
515694,3,2,0,84
516498,2,0,0,19
516659,0,2,0,43
516659,1,2,0,72
517042,2,1,0,20
518196,3,1,0,97
518224,3,2,0,60
518456,2,2,0,1632
518595,0,0,0,42
518638,2,2,0,60
518638,2,1,0,24
518921,2,2,0,42
519896,2,2,0,23
519925,0,0,0,21
520544,0,2,0,25
520958,1,0,0,41
521091,3,1,0,89
521229,2,1,0,17
521736,3,1,0,172
521776,1,1,0,1627
521777,0,0,0,531
521777,2,0,0,31
521777,1,2,0,49
521777,2,1,0,149
521777,1,0,0,1266
521777,2,2,0,34
522018,3,1,0,76
522029,0,2,0,28
522130,1,0,0,42
522130,3,1,0,41
522594,2,2,0,22
522599,2,1,0,23
522725,0,0,0,377
522833,0,0,0,1859
522847,3,0,0,74
522851,1,1,0,37
523216,3,0,0,31
523310,3,2,0,55
523850,0,2,0,28
523913,1,0,0,39
524119,3,0,0,147
524205,0,0,0,195
525063,0,1,0,53
525063,0,2,0,26
525113,1,2,0,110
525765,2,0,0,19
525981,1,1,0,38
526022,1,1,0,133
526117,3,0,0,40
526723,2,2,0,332
526723,2,1,0,17
526773,3,1,0,38
527129,1,2,0,79
527576,1,2,0,127
527670,0,2,0,99
527670,1,0,0,74
527678,1,1,0,51
527709,3,0,0,49
527870,0,0,0,23
528377,1,0,0,113
528405,1,1,0,32
528480,2,1,0,178
528480,0,0,0,367
528562,1,1,0,72
528908,1,0,0,1743
528908,3,2,0,168
528908,0,2,0,1643
528908,2,2,0,89
528908,1,1,0,133
528908,0,0,0,53
528908,2,0,0,456
528908,1,2,0,265
528908,2,1,0,98
528919,3,2,0,43
528925,3,1,0,31
529192,3,0,0,48
529244,0,1,0,29
529269,1,2,0,164
529280,3,1,0,96
529315,1,2,0,61
529373,1,2,0,161
529464,3,1,0,1816
529464,3,2,0,1919
529464,3,0,0,43
529476,1,0,0,56
529476,0,2,0,21
529489,3,1,0,41
529649,0,2,0,22
529656,0,0,0,113
529749,2,0,0,19
529779,3,0,0,33
529799,2,2,0,21
529866,1,2,0,31
529929,1,2,0,36
529933,1,1,0,70
530198,3,0,0,60
530267,0,2,0,502
530278,3,0,0,51
530385,3,0,0,43
530447,1,1,0,33
530473,2,2,0,22
530475,1,2,0,47
530498,3,1,0,52
530503,0,2,0,43
530630,1,1,0,103
530663,1,2,0,35
530695,0,2,0,63
530699,3,1,0,63
530751,3,1,0,65
530753,2,0,0,35
530766,3,0,0,81
530814,3,0,0,51
530818,3,1,0,50
530833,0,1,0,64
530889,2,0,0,19
530947,1,0,0,33
530974,1,2,0,41
531016,3,1,0,90
531103,0,0,0,97
531119,3,0,0,34
531133,3,0,0,41
531202,1,0,0,69
531270,2,0,0,19
531346,2,0,0,32
531373,2,2,0,42
531729,1,1,0,51
531745,1,0,0,68
531833,3,0,0,102
531922,2,0,0,19
531929,3,0,0,37
531930,1,1,0,97
531946,1,1,0,111
531984,3,0,0,67
532049,3,0,0,32
532120,3,2,0,48
532121,1,0,0,88
532172,0,2,0,51
532246,3,0,0,67
532344,0,0,0,314
532359,3,0,0,57
532434,1,1,0,88
532480,1,1,0,82
532527,1,1,0,39
532548,3,2,0,36
532596,1,1,0,930
532700,2,2,0,135
532712,1,1,0,44
532739,3,1,0,34
532816,0,0,0,145
532868,0,0,0,30
532870,1,2,0,42
532905,3,2,0,60
533050,1,1,0,65
533064,2,0,0,17
533126,2,0,0,54
533161,1,0,0,46
533284,0,2,0,36
533306,0,0,0,115
533454,1,2,0,31
533489,1,2,0,34
533595,2,1,0,17
533997,1,2,0,127
534000,0,0,0,335
534000,2,2,0,67
534000,2,1,0,16
534024,3,1,0,59
534031,3,0,0,44
534147,1,2,0,36
534254,1,2,0,95
534262,3,0,0,63
534296,0,2,0,162
534296,0,0,0,596
534297,3,1,0,1529
534322,3,1,0,147
534337,3,0,0,37
534337,3,1,0,35
534379,1,2,0,41
534381,1,1,0,40
534383,3,0,0,92
534385,0,2,0,76
534434,1,1,0,92
534534,0,1,0,41
534591,0,2,0,27
534609,1,2,0,50
534622,0,1,0,31
534622,2,1,0,102
534706,2,0,0,30
534723,1,2,0,58
534729,3,1,0,78
534750,3,0,0,178
534766,1,0,0,147
534885,2,2,0,51
534894,1,0,0,88
534895,2,0,0,20
534905,1,1,0,54
534908,3,2,0,58
534928,3,2,0,94
535011,0,0,0,23
535027,1,0,0,71
535256,1,0,0,66
535309,1,0,0,35
535387,1,1,0,33
535407,3,1,0,63
535438,2,1,0,28
535439,3,2,0,41
535670,1,0,0,90
535697,3,0,0,52
535753,0,0,0,25
535881,1,0,0,56
535891,0,2,0,24
536064,2,0,0,22
536096,3,0,0,39
536194,0,1,0,31
536259,1,0,0,49
536283,2,1,0,33
536317,0,2,0,39
536497,1,2,0,33
536609,1,0,0,33
536858,1,0,0,103
536915,1,2,0,43
536944,1,2,0,33
536992,2,1,0,29
536999,0,2,0,42
537176,1,0,0,64
537251,1,1,0,96
537270,3,0,0,39
537306,3,0,0,66
537323,0,2,0,31
537326,1,1,0,134
537326,1,2,0,63
537383,1,2,0,65
537387,2,0,0,22
537554,0,2,0,58
537669,2,1,0,41
537731,3,0,0,33
537802,0,2,0,21
537929,3,1,0,34
537929,3,0,0,60
538050,3,2,0,33
538257,1,2,0,80
538401,1,2,0,31
538602,1,2,0,55
538787,1,1,0,54
538819,3,0,0,68
538890,3,0,0,156
538896,3,0,0,32
539014,1,1,0,50
539177,0,0,0,337
539196,2,2,0,35
539212,1,2,0,54
539268,1,0,0,92
539472,3,0,0,36
539771,1,1,0,135
539800,1,1,0,37
539826,1,2,0,200
539851,2,0,0,1263
539851,2,1,0,516
540109,3,0,0,69
540452,1,0,0,98
540459,3,0,0,35
540534,0,2,0,38
540547,1,1,0,124
540556,3,1,0,44
540571,0,2,0,22
540766,3,0,0,222
540923,1,2,0,108
540981,3,0,0,78
541167,1,1,0,46
541207,0,2,0,46
541352,0,2,0,417
541354,1,2,0,40
541396,1,0,0,49
541693,0,2,0,96
541859,1,2,0,31
542021,3,0,0,80
542025,2,0,0,16
542065,1,0,0,150
542133,2,0,0,96
542231,2,0,0,19
542412,1,0,0,1018
542443,2,1,0,18
542664,3,0,0,32
542673,3,2,0,115
542710,1,1,0,36
542806,0,1,0,63
542877,3,2,0,66
542987,3,0,0,53
543027,1,2,0,32
543049,1,2,0,77
543050,3,0,0,49
543112,0,2,0,317
543112,1,0,0,52
543179,1,2,0,58
543288,3,0,0,103
543447,1,2,0,32
543455,1,2,0,43
543468,2,1,0,34
543559,1,2,0,65
543580,0,0,0,60
543582,3,0,0,110
543600,3,0,0,60
543643,1,0,0,177
543721,3,1,0,39
543832,1,0,0,39
543916,1,2,0,49
543930,3,0,0,82
544068,1,2,0,48
544096,1,2,0,54
544178,2,0,0,24
544243,3,0,0,38
544464,1,0,0,37
544841,1,0,0,36
544863,3,1,0,225
545041,1,2,0,61
545137,1,0,0,57
545156,1,2,0,39
545179,1,2,0,224
545228,0,1,0,61
545287,3,0,0,42
545470,3,2,0,38
545581,1,2,0,176
545739,2,0,0,18
545794,3,0,0,77
545820,1,2,0,192
545891,1,0,0,65
545943,1,1,0,94
546105,1,0,0,74
546107,1,2,0,45
546266,0,1,0,44
546455,1,0,0,239
546502,2,2,0,20
546525,2,1,0,28
546551,3,0,0,34
546577,0,1,0,22
546660,3,1,0,86
546661,3,0,0,74
546668,3,0,0,143
546820,0,2,0,21
546858,1,0,0,59
546858,0,2,0,90
547008,1,2,0,66
547014,0,2,0,48
547047,1,0,0,85
547167,1,2,0,1791
547167,3,1,0,38
547167,0,2,0,864
547167,1,0,0,1688
547167,0,0,0,896
547167,1,1,0,1843
547178,2,2,0,25
547222,0,2,0,21
547254,2,1,0,19
547492,1,1,0,52
547492,1,2,0,98
547531,3,2,0,56
547565,1,2,0,32
547605,3,0,0,40
547620,1,1,0,40
547657,0,2,0,60
547715,3,0,0,95
547718,1,2,0,40
547770,3,2,0,52
547819,3,0,0,101
547937,0,0,0,53
547937,2,1,0,17
548014,1,2,0,78
548114,1,2,0,109
548256,3,0,0,40
548375,1,2,0,66
548430,1,0,0,42
548451,1,2,0,45
548469,3,1,0,35
548539,1,2,0,47
548618,3,0,0,49
548677,0,1,0,35
548720,0,2,0,453
548747,2,0,0,26
549025,1,2,0,235
549075,3,0,0,48
549080,1,2,0,124
549202,1,2,0,45
549255,2,2,0,19
549299,0,2,0,72
549303,2,0,0,31
549316,3,2,0,44
549499,1,0,0,58
549527,3,0,0,48
549604,0,2,0,57
549732,0,2,0,28
549737,1,0,0,38
549901,3,2,0,64
549935,0,1,0,23
550043,1,2,0,45
550060,3,0,0,966
550093,1,2,0,97
550256,2,2,0,16
550287,0,1,0,25
550331,0,0,0,34
551020,3,0,0,80
551295,3,0,0,55
551361,2,0,0,55
551802,3,2,0,121
551813,0,2,0,47
551947,0,1,0,35
552310,1,1,0,48
552376,3,1,0,37
552384,1,2,0,44
552618,3,1,0,61
552708,0,0,0,27
552710,1,0,0,60
552754,3,0,0,68
552755,2,0,0,18
552781,3,0,0,50
552860,1,1,0,35
552928,3,0,0,64
553093,1,2,0,68
553220,1,2,0,34
553361,1,2,0,34
553380,0,2,0,87
553439,3,2,0,60
553498,3,2,0,68
553613,3,0,0,74
553759,1,1,0,99
553759,1,2,0,143
553891,1,0,0,92
554036,1,1,0,54
554251,1,2,0,36
554317,0,0,0,27
554388,3,1,0,114
554415,1,1,0,36
554426,2,0,0,28
554569,3,1,0,69
554585,3,1,0,62
554657,1,2,0,74
554722,1,2,0,53
554807,2,0,0,78
554845,0,1,0,87
554849,3,1,0,51
554863,0,2,0,74
554868,2,0,0,66
554927,1,2,0,42
554997,0,2,0,28
555012,3,0,0,46
555034,1,2,0,37
555048,2,1,0,28
555134,0,2,0,36
555149,2,0,0,16
555187,1,1,0,32
555220,1,0,0,34
555267,1,2,0,39
555456,1,1,0,58
555496,3,0,0,58
555527,2,2,0,763
555686,1,0,0,90
555729,3,1,0,37
556011,2,0,0,41
556128,3,1,0,35
556163,3,0,0,62
556321,2,0,0,29
556433,0,1,0,48
556562,3,1,0,308
556578,0,0,0,181
556578,0,1,0,22
556728,0,0,0,23
556917,1,1,0,76
556965,0,2,0,183
556965,2,1,0,16
556989,3,1,0,36
556989,1,2,0,42
557152,1,2,0,112
557370,3,0,0,43
557395,1,0,0,376
557399,1,2,0,33
557619,0,2,0,47
557636,3,0,0,80
557640,1,0,0,93
557648,3,0,0,77
557651,1,2,0,116
557680,3,2,0,84
557731,1,0,0,498
557808,2,1,0,113
557870,0,0,0,86
558123,0,0,0,1831
558124,3,1,0,188
558124,2,2,0,20
558211,1,2,0,40
558255,0,0,0,80
558446,3,0,0,49
558524,1,0,0,83
558596,3,2,0,46
558696,2,0,0,47
558736,0,0,0,23
558747,1,2,0,43
558766,3,1,0,44
558817,1,2,0,65
558886,3,2,0,83
559038,3,2,0,40
559126,1,2,0,41
559250,0,0,0,106
559262,2,2,0,18
559270,3,0,0,129
559291,3,1,0,67
559329,3,1,0,32
559493,3,2,0,42
559615,1,1,0,148
559849,0,2,0,23
559910,0,1,0,24
559948,3,0,0,166
560113,3,2,0,85
560185,1,1,0,60
560366,2,1,0,26
560491,0,0,0,108
560502,3,2,0,407
560563,1,2,0,46
560581,1,2,0,119
560676,3,2,0,91
560790,0,1,0,60
560816,2,0,0,50
560965,3,2,0,74
560987,3,0,0,48
561000,1,2,0,53
561037,3,1,0,52
561308,3,0,0,57
561330,0,2,0,103
561363,3,1,0,42
561412,2,1,0,16
561414,1,2,0,139
561672,0,2,0,67
561888,3,1,0,42
562020,3,2,0,191
562050,0,0,0,821
562180,3,2,0,45
562196,0,2,0,34
562197,0,1,0,60
562264,3,1,0,31
562457,1,2,0,52
562459,3,1,0,33
562638,1,2,0,137
562700,1,2,0,33
562704,1,0,0,55
562870,2,2,0,19
562925,1,0,0,46
562938,3,2,0,76
563070,0,0,0,26
563120,3,0,0,67
563405,0,2,0,23
563626,3,2,0,31
563721,0,2,0,100
564285,1,1,0,34
564568,1,0,0,43
564606,1,2,0,46
564683,0,2,0,114
564683,1,0,0,65
564743,0,1,0,92
564743,2,1,0,17
564744,3,2,0,34
564886,1,2,0,35
564987,3,0,0,112
565129,0,2,0,25
565474,1,2,0,72
565632,2,0,0,16
565982,2,1,0,84
566066,1,2,0,49
566350,3,0,0,31
566366,2,0,0,60
566451,3,1,0,53
566544,3,0,0,123
566756,0,2,0,35
566801,0,2,0,43
566816,1,0,0,54
567000,2,0,0,19
567216,1,2,0,40
567339,0,2,0,128
567432,3,1,0,66
567459,3,1,0,40
567593,1,0,0,165
567601,3,0,0,70
567631,3,0,0,64
567678,1,2,0,39
567703,0,2,0,197
567703,1,0,0,170
567703,2,1,0,220
567756,0,2,0,90
567877,0,0,0,25
567889,1,1,0,64
568079,0,1,0,179
568197,2,0,0,16
568669,2,0,0,61
568756,1,2,0,59
568883,1,0,0,45
568892,0,0,0,21
568918,3,1,0,58
569051,3,0,0,74
569249,0,0,0,39
569249,1,1,0,35
569446,1,1,0,37
569790,3,2,0,33
569831,0,1,0,21
570296,0,2,0,1930
570296,0,1,0,76
570433,2,1,0,36
570941,3,1,0,90
571594,1,2,0,43
572025,2,0,0,18
572279,1,2,0,33
572732,0,2,0,23
573093,0,1,0,21
573510,3,2,0,31
573731,2,2,0,16
573812,2,2,0,97
574310,1,0,0,54
574609,3,2,0,59
574778,0,1,0,292
574778,0,0,0,59
574956,1,2,0,45
574986,3,1,0,73
574989,3,0,0,79
575040,2,0,0,22
575143,0,1,0,36
575350,1,2,0,59
575479,3,0,0,35
575675,1,1,0,31
575778,0,0,0,151
575793,1,2,0,38
575888,1,0,0,66
576378,3,1,0,32
576400,3,0,0,32
576775,2,2,0,28
577018,3,0,0,31
577243,0,1,0,1650
577243,0,0,0,453
577653,2,1,0,18
577763,2,0,0,19
577862,0,0,0,25
577896,0,2,0,1913
577896,2,0,0,1630
577896,3,1,0,88
577896,2,1,0,1615
577896,3,2,0,186
578111,1,0,0,43
578335,1,2,0,44
578398,1,0,0,31
578933,3,0,0,75
579023,3,0,0,31
579301,0,0,0,23
579318,3,1,0,37
579822,1,1,0,145
580432,0,0,0,40
580456,2,2,0,29
580640,3,2,0,37
581081,2,1,0,34
581406,2,0,0,49
581718,1,2,0,45
582531,0,0,0,313
582531,2,2,0,16
582531,2,0,0,329
582531,0,1,0,149
582531,2,1,0,381
583514,2,0,0,26
583561,1,1,0,71
583926,2,0,0,21
584776,0,1,0,71
585380,1,1,0,83
586867,3,2,0,39
587150,3,1,0,947
587150,3,0,0,455
587293,1,0,0,46
587901,2,2,0,1567
588331,1,0,0,33
588541,3,2,0,32
590858,2,1,0,19
591699,0,0,0,1746
593270,3,0,0,209
593290,2,2,0,23
594156,3,0,0,45
594156,2,1,0,23
594156,3,1,0,259
594354,0,2,0,32
594451,2,1,0,25
595547,0,0,0,25
595547,3,1,0,87
595647,1,0,0,541
595947,1,1,0,65
596147,3,2,0,91
597181,3,0,0,1715
597181,3,1,0,111
597182,1,0,0,50
597305,1,1,0,43
597927,1,2,0,124
598353,1,1,0,182
598798,3,0,0,35
598919,1,2,0,63
599172,2,2,0,24
599797,0,1,0,39
600637,3,2,0,39
600831,1,1,0,38
600930,3,0,0,121
600973,1,0,0,39
601501,2,2,0,57
601501,3,0,0,338
601961,0,0,0,202
601961,2,2,0,17
602454,2,0,0,21
602503,2,1,0,44
602503,2,2,0,37
602882,2,1,0,30
603438,2,0,0,74
603989,2,2,0,162
604297,2,1,0,16
605124,2,0,0,30
605461,1,1,0,56
605539,1,1,0,48
606208,3,2,0,246
606808,2,0,0,16
607071,2,2,0,38
608129,1,2,0,1688
609646,0,0,0,319
609646,0,1,0,21
610019,0,0,0,150
610119,0,2,0,22
610197,0,0,0,1796
610197,2,0,0,52
610197,0,2,0,134
610197,0,1,0,35
610277,0,1,0,26
610620,3,0,0,1528
610652,3,2,0,37
611567,0,0,0,70
611863,3,1,0,53
613613,2,1,0,50
613870,3,0,0,298
613870,3,1,0,35
614414,3,2,0,1870
614414,2,0,0,395
615216,1,0,0,167
615275,1,0,0,43
615759,0,0,0,23
616290,1,1,0,81
616339,0,2,0,385
616339,1,0,0,150
616995,1,2,0,1665
617714,1,1,0,34
617937,1,2,0,34
618040,3,0,0,95
620180,2,2,0,46
620395,2,0,0,26
620395,2,2,0,20
621021,1,0,0,59
621390,2,0,0,344
621393,0,2,0,25
622754,2,2,0,67
623343,3,0,0,1789
623343,1,0,0,55
623343,3,2,0,149
623651,0,1,0,119
624248,0,0,0,61
624975,2,0,0,125
625138,0,0,0,77
625306,3,2,0,34
625504,1,2,0,78
625610,1,0,0,65
626143,1,2,0,42
626513,2,2,0,51
626554,2,0,0,96
627106,3,1,0,103
627146,0,0,0,44
627783,1,1,0,72
628195,1,0,0,1735
629603,0,1,0,52
630916,2,1,0,146
631011,3,2,0,59
631572,0,2,0,247
632079,0,2,0,1896
632079,1,0,0,1766
632092,0,2,3,14
632093,0,2,1,957
632093,0,1,0,368
632706,0,0,0,37
632996,2,1,0,42
633041,2,2,0,1680
633042,2,1,0,301
633624,2,1,0,47
634773,2,1,0,136
636945,2,2,0,52
637183,1,1,0,1628
638001,1,0,0,1714
638001,1,1,0,51
639455,0,2,0,580
639555,0,1,0,1648
640115,0,2,0,34
640376,0,0,0,109
640562,3,1,0,56
641008,0,2,0,111
641401,1,2,0,1743
641718,0,2,0,248
641875,3,0,0,332
641938,3,1,0,101
641946,2,0,0,122
642113,1,1,0,48
644667,1,2,0,72
644959,0,2,0,90
644960,2,0,0,42
645184,0,1,0,1287
645184,2,1,0,18
645184,0,0,0,340
645353,2,0,0,73
646034,2,2,0,568
646034,0,0,0,108
646542,1,1,0,72
647398,2,2,0,78
649172,2,0,0,1567
649462,2,1,0,25
650218,1,1,0,44
650634,3,0,0,93
650826,0,0,0,1845
650826,2,1,0,671
650826,0,1,0,799
650826,2,2,0,36
651956,0,0,0,1828
651956,2,2,0,68
651956,0,1,0,226
651956,2,1,0,94
652608,0,2,0,40
653564,1,0,0,1752
653565,1,1,0,229
655326,1,1,0,39
655550,1,0,0,33
656021,0,2,0,2101
656021,3,2,0,260
656021,1,0,0,94
656021,2,0,0,155
656021,0,1,0,332
656327,2,1,0,34
656692,1,2,0,37
656871,2,0,0,40
657940,3,0,0,57
657940,3,1,0,100
658553,2,1,0,1504
658553,2,2,0,121
658579,2,1,0,26
659399,1,1,0,94
659525,1,1,0,140
659554,2,1,0,39
659554,2,2,0,19
660327,3,1,0,197
660327,3,2,0,87
660423,0,0,0,139
661343,1,0,0,1791
661343,1,1,0,1771
661343,1,2,0,552
665371,0,1,0,34
666221,1,2,0,64
666480,3,2,0,41
667324,2,2,0,23
667680,2,2,0,18
667714,0,2,0,110
668503,3,0,0,49
668958,1,0,0,49
669002,2,2,0,84
669002,3,1,0,50
670451,0,2,0,73
671001,0,2,0,39
671230,2,0,0,24
671578,2,1,0,29
672435,3,1,0,1618
672785,3,0,0,40
673808,2,1,0,1508
673808,2,2,0,88
675656,0,2,0,371
675656,1,0,0,187
676075,0,2,0,29
676667,2,2,0,33
676747,1,1,0,37
676769,3,1,0,69
676774,1,0,0,33
676915,2,0,0,34
677491,3,2,0,59
677643,2,1,0,30
677930,1,0,0,37
678086,0,0,0,53
678086,3,2,0,35
679291,0,2,0,1498
680035,3,1,0,1532
680035,3,2,0,207
681127,3,0,0,31
681315,2,0,0,53
681364,0,1,0,21
682021,1,2,0,31
683201,0,2,0,21
683397,0,0,0,277
683397,0,1,0,42
683575,3,0,0,128
685135,1,2,0,40
685244,3,0,0,1254
686328,3,1,0,50
686738,2,0,0,65
687868,2,2,0,1562
688262,1,2,0,130
689907,0,2,0,44
689956,3,0,0,405
691090,1,1,0,94
691376,0,1,0,65
691847,1,1,0,128
692012,2,0,0,1595
692013,3,2,0,72
692013,2,2,0,32
692036,3,1,0,35
694178,1,2,0,454
694178,1,1,0,934
694625,2,0,0,1814
694625,0,2,0,45
694625,2,1,0,386
695225,3,1,0,79
695225,3,2,0,51
695225,3,0,0,84
695747,3,2,0,37
696500,0,2,0,46
696835,3,0,0,97
697009,0,2,0,36
697108,2,0,0,21
698263,0,2,0,120
698727,1,1,0,149
698783,0,1,0,187
698783,0,2,0,151
699098,3,0,0,78
699167,0,1,0,675
699167,0,2,0,1125
699250,1,0,0,52
700017,0,0,0,35
700627,2,2,0,38
700868,2,2,0,168
700868,0,0,0,1081
702010,2,2,0,35
703227,1,2,0,214
703415,1,1,0,1618
703415,1,0,0,1479
704603,2,0,0,21
704603,0,1,0,33
704603,1,2,0,71
704603,0,2,0,73
704603,2,1,0,45
704603,2,2,0,34
705667,1,2,0,765
706058,1,0,0,41
706058,3,2,0,254
706381,0,1,0,46
706753,3,0,0,92
709930,3,1,0,35
709999,1,0,0,67
710223,1,2,0,42
710223,1,0,0,140
710223,1,1,0,712
710765,0,0,0,441
710765,1,2,0,48
710830,3,0,0,1729
710830,0,2,0,22
710963,0,0,0,44
711655,3,1,0,45
712081,0,2,0,122
713632,3,2,0,416
714019,0,0,0,800
715366,3,0,0,77
715537,1,0,0,246
716708,1,0,0,411
717315,0,2,0,45
717391,3,1,0,37
718888,1,0,0,570
719332,0,1,0,53
719724,0,2,0,86
720377,0,2,0,46
720377,1,2,0,101
721256,0,0,0,39
721256,1,1,0,422
721664,2,0,0,137
721723,1,1,0,1736
723131,0,0,0,54
723186,0,2,0,106
723186,1,0,0,134
723345,0,2,0,47
723656,1,0,0,468
724220,1,2,0,88
724589,3,2,0,428
724589,3,1,0,120
725131,2,0,0,39
725158,1,0,0,37
725763,3,0,0,1505
726118,2,0,0,32
726380,1,2,0,154
726681,2,0,0,62
726681,2,1,0,368
726681,2,2,0,106
726845,1,2,0,1519
726887,0,1,0,58
726887,2,1,0,126
728769,0,0,0,55
728769,2,1,0,23
729621,1,2,0,59
729863,0,0,0,1782
729863,0,1,0,26
729863,0,2,0,266
729865,0,1,0,1250
730011,1,1,0,72
730324,1,2,0,68
730324,2,2,0,60
730324,0,2,0,51
730324,1,1,0,41
730860,1,2,0,207
731095,0,1,0,50
731270,0,0,0,273
732502,1,2,0,196
733048,2,1,0,17
733048,2,2,0,16
734785,1,0,0,1724
734785,2,1,0,1479
734785,0,2,0,49
734785,1,1,0,1648
734785,2,2,0,1598
734785,1,2,0,1722
734785,2,0,0,1515
735916,2,1,0,33
735916,0,1,0,30
736058,1,0,0,36
736278,1,1,0,53
738050,0,2,0,21
738962,1,2,0,49
739130,3,2,0,37
739406,1,2,0,1641
739809,2,2,0,124
739960,0,0,0,44
740214,1,2,0,54
740442,0,2,0,51
743889,1,2,0,233
743889,0,0,0,95
744070,3,2,0,226
744070,3,1,0,39
744556,0,2,0,336
744707,0,2,0,90
744946,0,1,0,68
744946,1,1,0,336
745066,2,1,0,62
745696,2,1,0,28
746230,2,0,0,37
746407,3,1,0,37
746601,0,0,0,109
746978,2,0,0,215
747216,3,1,0,53
747613,2,1,0,19
748037,2,0,0,981
748445,1,1,0,44
748445,3,1,0,135
748763,3,1,0,87
749016,0,1,0,203
749016,0,0,0,51
750105,2,1,0,39
750149,3,0,0,1398
751435,1,0,0,113
751466,0,0,0,73
751466,2,2,0,352
751564,2,2,0,16
751940,2,1,0,91
751940,2,2,0,22
752453,1,1,0,74
752517,1,0,0,111
752999,1,2,0,52
753017,3,1,0,526
753093,2,0,0,64
753774,1,2,0,69
753841,2,0,0,102
754477,1,0,0,53
754624,0,0,0,34
754933,1,0,0,44
755574,1,0,0,45
756068,2,0,0,42
756719,2,0,0,1703
756719,3,1,0,1582
756719,0,2,0,98
756719,2,1,0,1632
756719,3,2,0,2028
756719,2,2,0,1648
757410,1,1,0,125
757430,0,2,0,26
757656,2,0,0,157
757777,1,0,0,182
758010,2,1,0,26
759030,0,2,0,772
759165,2,2,0,17
762147,3,1,0,35
762157,2,1,0,21
762906,3,0,0,58
763308,1,1,0,52
763865,2,0,0,1224
763865,2,1,0,44
763942,0,2,0,36
764033,2,1,0,178
764033,2,2,0,41
764519,1,0,0,63
765311,3,0,0,33
766355,0,1,0,25
766367,3,1,0,36
767021,3,2,0,100
767044,0,0,0,286
767281,3,2,0,67
768674,3,1,0,140
770290,1,1,0,192
771078,0,1,0,68
771078,2,2,0,33
772562,0,2,0,1875
773170,2,1,0,38
773298,2,0,0,103
773298,2,1,0,34
773525,0,0,0,48
773525,0,2,0,161
773615,2,0,0,20
773924,0,2,0,74
774281,0,0,0,1837
774281,1,1,0,328
774281,2,2,0,81
774281,3,1,0,296
774281,0,1,0,185
774281,1,2,0,44
774281,2,0,0,32
774281,0,2,0,181
774281,1,0,0,390
774281,2,1,0,61
774313,1,0,0,35
774445,0,2,0,22
774595,2,0,0,28
774906,1,2,0,149
775689,3,2,0,104
776810,3,1,0,74
777989,0,0,0,1500
778867,1,1,0,81
780206,1,0,0,1617
780206,1,1,0,1608
780291,2,0,0,27
780566,2,2,0,39
780628,0,0,0,86
780643,2,2,0,61
781537,0,0,0,1867
781537,0,2,0,35
781783,2,0,0,183
781890,1,2,0,36
782289,3,0,0,1736
782289,3,1,0,422
783204,0,2,0,22
783322,3,1,0,36
784818,3,1,0,1681
784818,3,0,0,50
785012,0,1,0,45
785488,1,2,0,56
785488,2,0,0,219
785721,3,0,0,73
785987,3,1,0,376
786289,0,0,0,121
787474,1,1,0,58
787474,2,1,0,21
787474,3,1,0,1330
787474,3,2,0,259
787474,2,0,0,170
787474,3,0,0,402
788783,3,2,0,32
788843,3,1,0,140
789482,1,0,0,1576
790083,2,0,0,21
790761,1,2,0,385
790763,0,2,0,73
791260,2,1,0,19
793005,1,1,0,44
793005,2,0,0,25
793005,3,1,0,58
793061,2,1,0,1566
793061,2,2,0,1678
793062,3,2,0,143
793106,0,1,0,508
793106,0,0,0,23
794262,1,2,0,41
794551,0,1,0,1844
795050,0,0,0,61
795722,0,0,0,145
795722,1,0,0,31
795722,0,2,0,445
795816,1,0,0,99
796781,1,0,0,67
796781,3,1,0,57
796781,1,2,0,35
796895,2,2,0,23
797234,3,2,0,159
797234,0,0,0,39
797234,1,0,0,78
797234,3,1,0,62
797263,0,0,0,27
797535,0,0,0,24
798081,0,1,0,35
799292,2,2,0,45
800268,3,1,0,31
801226,2,2,0,20
802425,1,2,0,64
802444,1,1,0,103
802444,3,1,0,38
802508,2,1,0,72
802907,3,0,0,57
803215,1,2,0,109
803296,0,2,0,117
803709,2,0,0,358
803709,0,1,0,37
803709,2,1,0,544
803870,0,0,0,26
804321,0,0,0,1699
804322,2,2,0,171
806302,3,0,0,188
806492,0,0,0,71
808256,1,2,0,1637
809545,3,2,0,34
809847,0,1,0,26
810813,0,0,0,41
811162,1,2,0,916
811296,2,1,0,20
811544,0,1,0,136
812524,0,1,0,21
812664,2,1,0,225
812664,2,0,0,27
813460,0,1,0,36
813758,1,1,0,31
814971,2,1,0,50
815269,2,2,0,47
815929,0,2,0,143
815929,1,0,0,32
816708,0,2,0,172
818247,0,0,0,114
818734,3,2,0,1267
818734,3,0,0,60
819755,2,1,0,102
819755,2,2,0,22
819948,0,2,0,22
819977,3,2,0,77
820221,2,2,0,1557
820599,1,2,0,1598
821387,2,1,0,37
821556,3,0,0,34
822857,3,0,0,1429
823859,3,2,0,90
825265,0,1,0,41
825265,2,2,0,18
826940,2,2,0,1644
827228,0,2,0,1856
827228,0,1,0,81
827577,2,0,0,55
828016,1,0,0,120
828869,1,1,0,643
829134,2,2,0,1139
829134,0,0,0,261
829134,0,1,0,205
829469,0,2,0,67
829687,1,2,0,33
829855,1,2,0,1560
830279,0,0,0,58
830279,0,1,0,444
831337,0,0,0,53
831337,2,1,0,51
831849,3,0,0,33
831969,0,1,0,25
832080,1,0,0,65
832294,0,2,0,81
832294,1,0,0,48
833327,1,0,0,49
833618,0,2,0,45
835234,1,2,0,1612
836740,1,0,0,63
836926,1,2,0,40
837022,2,2,0,22
837307,0,0,0,35
837307,2,0,0,17
837307,3,2,0,1436
838762,0,1,0,61
838764,0,1,0,75
838880,1,0,0,59
838920,3,1,0,121
838937,1,0,0,34
839245,3,1,0,89
839617,0,0,0,98
840109,2,0,0,18
840467,0,0,0,35
840707,0,2,0,245
841582,3,1,0,99
842819,2,2,0,47
842819,2,0,0,18
843673,1,0,0,220
843700,1,1,0,71
843970,0,0,0,49
845433,2,1,0,199
845433,2,2,0,184
846557,1,2,0,73
847985,0,0,0,158
848135,2,1,0,32
848135,2,2,0,38
848252,1,0,0,150
848636,0,0,0,120
849649,1,1,0,41
850579,2,1,0,22
851044,3,1,0,1828
851044,1,2,0,1484
851044,2,2,0,63
851044,1,0,0,1368
851044,2,0,0,108
851044,3,2,0,1575
851044,1,1,0,79
852122,0,2,0,44
852136,2,2,0,56
852357,3,0,0,89
853119,2,1,0,42
854177,2,0,0,42
854177,2,1,0,61
854366,1,0,0,72
854409,0,0,0,24
855094,1,0,0,57
856000,2,1,0,34
856143,0,2,0,43
856360,3,0,0,72
856397,3,1,0,31
857193,1,1,0,33
859454,3,0,0,131
859735,2,2,0,44
859798,2,0,0,1645
859799,3,2,0,74
860794,0,1,0,21
861325,0,1,0,634
861325,0,2,0,862
862123,2,0,0,122
862204,0,0,0,36
862705,2,1,0,45
862826,2,2,0,38
862826,2,1,0,50
863014,0,0,0,1821
863314,0,2,0,27
863933,2,2,0,75
864276,3,1,0,43
864365,1,0,0,53
864584,1,0,0,35
865485,0,0,0,1754
865485,1,1,0,33
865485,0,2,0,27
865485,1,0,0,35
866408,3,1,0,67
867598,1,0,0,759
867598,0,0,0,333
867912,0,2,0,43
867912,1,1,0,101
871581,2,0,0,60
872003,3,1,0,40
872086,0,1,0,231
872086,2,0,0,39
872673,1,0,0,1775
872872,1,0,0,142
872977,1,0,0,285
874572,1,0,0,43
875180,2,2,0,88
875934,2,2,0,41
875934,2,1,0,22
876009,3,2,0,97
876021,1,1,0,35
876555,0,0,0,807
876611,0,2,0,24
876611,3,2,0,577
877627,0,0,0,261
878603,1,0,0,709
879647,2,2,0,546
880608,0,2,0,1311
880608,1,0,0,31
880771,1,1,0,111
881340,1,0,0,31
881340,1,1,0,62
881794,2,1,0,31
881929,2,0,0,396
882009,3,0,0,1740
883219,0,2,0,32
883955,2,0,0,18
884005,2,2,0,90
884368,0,1,0,27
884382,2,0,0,34
884725,3,2,0,41
884999,2,0,0,56
885067,1,2,0,54
886783,0,1,0,64
889891,1,2,0,37
889974,2,2,0,23
889974,0,2,0,179
891637,2,0,0,42
892671,3,1,0,83
893475,1,0,0,65
894312,0,2,0,780
894312,2,1,0,18
894647,1,2,0,32
894749,0,2,0,205
894856,3,1,0,233
895474,2,0,0,631
895474,3,2,0,114
895690,1,1,0,39
896956,0,0,0,55
897610,1,0,0,36
898407,2,2,0,32
898838,1,1,0,39
899042,0,1,0,32
899471,0,0,0,54
899951,1,0,0,60
900437,0,0,0,54
901605,1,2,0,56
902165,0,1,0,26
903263,2,2,0,38
904364,1,0,0,44
904500,1,0,0,55
904719,3,2,0,66
904989,3,0,0,33
905515,2,1,0,34
905808,3,0,0,1810
905875,0,0,0,42
906051,3,2,0,248
906051,0,2,0,373
906051,2,0,0,18
906302,2,2,0,101
906309,2,2,0,19
906765,3,1,0,1688
906765,0,2,0,49
906765,1,0,0,114
906765,2,0,0,79
907194,2,0,0,57
907279,2,1,0,577
907607,1,2,0,85
907875,0,2,0,1872
909057,0,1,0,24
909057,1,0,0,1845
909057,1,2,0,147
909057,0,2,0,971
909057,1,1,0,82
909855,1,0,0,58
910019,2,0,0,16
911020,2,2,0,19
911146,1,1,0,92
911242,1,0,0,1876
911242,0,2,0,2010
911242,2,0,0,502
911242,3,2,0,51
911242,0,0,0,40
911242,0,1,0,439
911276,2,0,0,51
912295,1,1,0,45
914241,1,2,0,251
914628,1,1,0,1699
914628,1,2,0,1592
914628,1,0,0,127
914863,0,2,0,1863
916268,2,2,0,227
916707,1,0,0,52
916853,2,1,0,39
916854,2,2,0,28
917503,3,0,0,47
917517,0,1,0,1654
918175,1,0,0,53
918723,2,2,0,110
919320,3,1,0,57
920330,2,0,0,180
921412,2,2,0,1553
921412,0,2,0,427
921412,3,2,0,87
921412,2,0,0,134
921412,2,1,0,40
921588,0,2,0,1991
921588,1,0,0,1829
921588,2,1,0,1666
921588,3,2,0,151
921588,0,0,0,1747
921588,2,2,0,1850
921588,2,0,0,29
921588,0,1,0,1628
921755,1,0,0,55
922017,0,0,0,31
922509,2,1,0,47
922684,0,0,0,843
923078,0,2,0,47
923781,3,2,0,1775
924281,3,0,0,1581
924914,0,2,0,1966
924914,1,0,0,206
924923,2,1,0,16
925067,0,2,0,134
925072,3,1,0,58
926208,0,2,0,26
926866,0,0,0,24
927450,3,0,0,197
929207,0,0,0,48
929392,1,1,0,40
929887,1,2,0,768
930491,0,1,0,41
930825,0,0,0,77
930825,1,0,0,63
931006,0,1,0,172
931507,0,2,0,230
931643,1,0,0,36
931800,0,2,0,2060
931800,1,1,0,1829
931800,2,0,0,1969
931800,3,2,0,1930
931800,0,0,0,717
931800,1,2,0,1800
931800,2,1,0,1900
931800,3,1,0,739
931800,2,2,0,1634
931800,0,1,0,679
931800,1,0,0,1922
931802,2,1,3,72
931803,2,1,1,111
931803,2,0,3,62
931804,2,0,1,111
931804,2,1,1,95
931804,2,1,3,89
931810,2,0,1,79
931810,2,0,3,75
931837,2,1,0,62
931953,2,1,0,17
931956,0,1,0,1341
932466,1,2,0,1563
932692,3,1,0,75
932770,0,2,0,57
932878,2,1,0,1309
932878,2,0,0,28
932917,0,1,0,70
933292,2,2,0,102
933498,2,1,0,38
933955,0,2,0,30
933955,2,0,0,37
933955,2,2,0,680
933958,2,1,0,324
934294,1,1,0,84
934519,1,0,0,55
936482,1,1,0,34
936492,3,0,0,39
936897,0,2,0,2037
936897,1,0,0,1762
936897,2,0,0,1762
936897,3,2,0,544
936897,0,0,0,27
936897,2,1,0,1588
936897,0,1,0,356
937741,0,1,0,229
937983,0,2,0,25
938299,2,0,0,23
938346,3,1,0,286
939729,3,2,0,44
939848,3,0,0,1825
940073,2,0,0,94
941123,1,0,0,38
942612,0,0,0,46
942684,0,2,0,51
943677,2,2,0,383
943677,2,1,0,22
944286,1,1,0,135
944948,3,2,0,47
945968,0,2,0,55
947706,0,2,0,121
947706,0,1,0,24
947734,1,1,0,31
948885,1,2,0,69
950749,3,1,0,58
951069,2,2,0,23
951604,2,2,0,45
952098,2,0,0,28
953125,1,0,0,41
953987,3,2,0,108
953987,1,1,0,36
954035,0,2,0,153
955009,0,0,0,995
955540,1,0,0,1653
955540,0,2,0,62
955540,2,2,0,69
955594,0,0,0,117
955870,0,1,0,122
956692,1,0,0,160
958578,0,0,0,86
959773,3,0,0,45
960521,1,2,0,142
960914,0,0,0,47
960914,1,0,0,161
960914,0,1,0,678
960914,1,1,0,45
960914,0,2,0,273
961578,1,2,0,40
961939,1,1,0,31
962098,0,0,0,39
962440,3,2,0,67
963069,3,2,0,39
965919,0,0,0,208
966004,0,1,0,46
966308,0,2,0,26
966422,3,1,0,31
968153,3,2,0,258
969109,2,2,0,1757
969109,2,1,0,1582
969349,0,2,0,161
969349,1,0,0,1738
969433,1,2,0,40
970531,3,2,0,139
972011,0,0,0,106
972011,2,0,0,177
972599,2,0,0,25
973118,0,0,0,31
973338,0,1,0,81
973338,2,1,0,118
973338,2,2,0,17
974241,1,0,0,388
974894,1,2,0,207
975816,3,2,0,32
975820,0,0,0,23
977006,0,2,0,29
977480,1,1,0,60
977600,1,1,0,65
977997,0,2,0,47
978607,0,2,0,169
979064,1,1,0,186
979453,1,0,0,31
979539,2,0,0,1665
979539,2,1,0,963
979587,2,1,0,32
980236,0,2,0,47
980377,1,0,0,48
980975,0,0,0,22
982068,2,1,0,30
984695,2,1,0,21
985404,1,1,0,651
985518,0,1,0,40
985659,3,0,0,145
985817,0,0,0,370
985846,2,1,0,30
985874,2,2,0,601
988109,2,0,0,26
988821,2,0,0,17
989394,1,2,0,1150
989905,3,2,0,48
990392,2,2,0,21
990731,3,0,0,36
991789,0,2,0,62
991789,1,0,0,97
992520,0,1,0,26
992935,2,2,0,1691
992935,0,1,0,24
992935,2,1,0,35
993223,1,0,0,65
993710,3,1,0,31
993755,0,1,0,53
994023,3,2,0,949
994719,1,0,0,42
994722,2,1,0,45
994722,0,1,0,24
994786,2,0,0,30
996358,2,1,0,40
996670,2,1,0,57
998208,0,0,0,1362
998208,2,1,0,85
998208,2,2,0,677
998208,2,0,0,17
998247,0,1,0,1673
998247,1,1,0,153
998247,0,0,0,58
998690,1,2,0,43
998742,3,2,0,173
999281,3,1,0,47
1000164,0,0,0,52
1000188,1,2,0,126
1000188,1,1,0,32
1000277,3,0,0,187
1000534,0,0,0,38
1000697,3,2,0,33
1000697,2,0,0,66
1002189,3,1,0,38
1002472,0,0,0,129
1003278,1,2,0,123
1004226,1,0,0,1203
1004226,1,1,0,1213
1005718,0,2,0,163
1006381,2,2,0,46
1006692,2,2,0,18
1007050,3,1,0,208
1007611,0,1,0,71
1007730,3,1,0,1662
1007730,3,2,0,1904
1009693,1,0,0,69
1009945,1,1,0,35
1014701,1,1,0,33
1014701,2,2,0,1557
1014701,3,2,0,39
1014701,0,2,0,62
1014701,2,1,0,103
1014701,3,0,0,150
1014701,2,0,0,67
1015411,0,2,0,166
1015630,0,2,0,72
1015996,3,2,0,31
1017544,2,1,0,24
1018354,0,2,0,124
1018535,0,1,0,22
1018561,1,1,0,212
1018809,1,0,0,48
1019446,0,0,0,31
1019661,3,2,0,654
1020466,0,0,0,249
1020930,2,2,0,1575
1020975,1,0,0,108
1021781,0,0,0,1677
1021781,1,2,0,87
1021781,2,2,0,106
1021781,3,1,0,107
1021783,0,2,0,146
1021864,0,0,0,1895
1021929,2,2,0,30
1022433,3,0,0,42
1022682,1,2,0,1020
1022782,0,0,0,22
1022855,0,0,0,56
1023197,0,0,0,89
1023447,2,2,0,175
1023987,1,1,0,39
1024454,0,0,0,89
1024669,1,1,0,1637
1024669,1,0,0,185
1026029,0,1,0,66
1026029,2,1,0,28
1026044,2,1,0,18
1026189,2,1,0,19
1026759,0,2,0,38
1028239,0,0,0,31
1028455,1,0,0,63
1028737,3,2,0,43
1029988,0,2,0,38
1032009,2,2,0,59
1032436,3,0,0,1749
1032436,3,1,0,1488
1032590,0,1,0,138
1033709,1,2,0,40
1034208,1,1,0,480
1034656,3,1,0,118
1034720,1,2,0,64
1035032,2,0,0,19
1035351,3,2,0,33
1035516,1,1,0,44
1035652,1,2,0,1368
1035791,1,0,0,35
1036531,2,1,0,1459
1036531,0,1,0,646
1036531,2,0,0,1373
1036552,3,0,0,1861
1036553,3,2,0,333
1036553,3,1,0,737
1036710,0,0,0,30
1036710,2,2,0,69
1038756,2,0,0,50
1039555,3,2,0,112
1040179,0,1,0,63
1040263,0,0,0,1649
1040423,2,2,0,1326
1041563,2,2,0,834
1041761,1,1,0,99
1042291,0,0,0,42
1043295,1,2,0,70
1044019,1,2,0,276
1044891,2,1,0,284
1044891,3,0,0,416
1045876,2,2,0,371
1045941,1,1,0,76
1047947,0,2,0,40
1047947,3,0,0,105
1047947,0,1,0,28
1048258,3,2,0,39
1048839,3,2,0,81
1048894,3,0,0,487
1048972,2,2,0,80
1049708,2,1,0,30
1049708,2,2,0,992
1049917,1,0,0,128
1050126,2,1,0,305
1050177,2,2,0,81
1052061,2,0,0,18
1052147,0,1,0,39
1053269,2,2,0,33
1053582,0,1,0,27
1053582,0,2,0,26
1053945,0,2,0,22
1054443,1,1,0,79
1054716,0,2,0,33
1055119,0,1,0,73
1055736,0,0,0,54
1055843,2,2,0,51
1056757,2,2,0,232
1056941,0,2,0,31
1057230,3,1,0,481
1057565,3,1,0,1502
1057565,0,0,0,148
1057565,2,0,0,16
1057574,1,1,0,1594
1057731,1,0,0,40
1057889,2,2,0,26
1057890,2,1,0,17
1060241,0,2,0,94
1060312,3,2,0,1804
1060312,0,2,0,48
1060312,2,2,0,26
1060312,3,0,0,280
1060312,3,1,0,72
1060313,2,1,0,24
1060554,0,2,0,39
1061615,3,0,0,120
1061912,0,2,0,65
1063671,2,2,0,21
1064278,3,2,0,34
1067508,3,2,0,42
1068490,2,0,0,1736
1069108,1,0,0,49
1069764,0,0,0,851
1070884,1,1,0,224
1070972,1,0,0,76
1071095,0,2,0,41
1071095,1,0,0,77
1071095,3,1,0,110
1071095,3,2,0,146
1071853,3,2,0,202
1071853,3,1,0,160
1072230,1,0,0,43
1073274,3,1,0,42
1073316,1,0,0,233
1073827,0,2,0,119
1073827,1,1,0,1770
1073827,1,2,0,1288
1073827,1,0,0,1668
1073847,2,1,0,70
1073948,2,0,0,47
1074561,0,0,0,177
1074561,1,2,0,42
1074561,1,2,3,16
1074562,1,1,0,1730
1074562,1,2,1,262
1075576,0,2,0,120
1077188,0,0,0,1159
1078058,0,0,0,62
1078350,0,2,0,49
1078405,0,2,0,28
1079390,3,1,0,115
1079933,2,2,0,60
1080014,0,1,0,1737
1080088,3,0,0,119
1080421,1,2,0,80
1080835,2,0,0,1606
1080835,3,2,0,399
1080835,2,1,0,1233
1081172,0,2,0,108
1081624,3,1,0,49
1083742,2,0,0,51
1084313,2,2,0,99
1084782,1,0,0,50
1084867,0,0,0,230
1085386,0,1,0,101
1085772,0,0,0,40
1086057,2,1,0,180
1086102,1,1,0,2000
1086102,0,2,0,693
1086102,2,2,0,110
1086102,3,1,0,431
1086102,1,2,0,1877
1086102,3,2,0,119
1086102,1,0,0,1562
1086102,3,0,0,90
1086201,0,0,0,72
1086306,1,1,0,31
1087009,0,0,0,1550
1087150,0,2,0,95
1087279,1,2,0,312
1087279,3,2,0,222
1087279,1,0,0,92
1087405,3,2,0,54
1087431,1,1,0,118
1088247,1,1,0,308
1088651,2,2,0,32
1089745,1,0,0,44
1089745,1,1,0,43
1089891,1,0,0,38
1090124,0,2,0,35
1090124,0,1,0,21
1090699,0,0,0,1792
1090859,0,0,0,55
1091711,0,2,0,253
1091711,0,0,0,48
1091711,0,1,0,80
1092398,3,1,0,36
1092969,0,2,0,83
1093355,0,0,0,1693
1093355,1,0,0,31
1093355,2,1,0,1245
1093355,3,0,0,233
1093355,0,2,0,332
1093355,2,2,0,148
1093355,0,1,0,938
1093931,1,0,0,116
1093931,0,2,0,51
1095164,1,1,0,265
1095164,1,0,0,114
1095262,2,1,0,1695
1095263,1,0,0,481
1095263,2,0,0,79
1095263,2,2,0,66
1095986,0,0,0,1630
1095986,1,1,0,1622
1095986,2,2,0,1552
1095986,3,2,0,1211
1095986,0,1,0,22
1095986,1,2,0,1477
1095986,2,0,0,1322
1095986,3,0,0,332
1095986,0,2,0,83
1095986,1,0,0,1461
1095986,2,1,0,184
1095986,3,1,0,631
1096026,1,1,0,40
1096720,1,2,0,47
1097833,2,0,0,22
1097835,3,0,0,113
1098518,2,2,0,30
1099833,0,1,0,25
1099833,2,1,0,45
1100152,0,2,0,85
1100215,2,2,0,21
1101768,2,0,0,54
1102322,1,2,0,147
1102322,1,1,0,142
1103272,1,1,0,36
1103871,1,1,0,36
1105717,3,0,0,94
1106131,2,0,0,36
1107076,2,0,0,65
1108143,2,1,0,21
1108143,2,0,0,26
1109674,1,1,0,167
1110248,1,2,0,1691
1110248,1,1,0,32
1110356,2,2,0,500
1110548,0,2,0,43
1110942,1,0,0,81
1111223,0,1,0,21
1112269,1,0,0,230
1112637,2,2,0,57
1112780,1,0,0,77
1113443,2,1,0,24
1114686,3,1,0,34
1114931,1,0,0,113
1114982,2,2,0,54
1114982,0,2,0,40
1115626,3,2,0,114
1115626,3,1,0,42
1116036,0,0,0,21
1117202,2,2,0,32
1119822,1,1,0,43
1119924,1,0,0,40
1120628,0,0,0,1474
1120665,0,2,0,45
1120823,3,2,0,513
1121132,1,0,0,113
1122786,0,0,0,28
1123967,3,0,0,1865
1123967,1,2,0,156
1123967,2,2,0,405
1123967,1,1,0,40
1123967,2,0,0,27
1123967,3,1,0,1471
1124118,2,0,0,1678
1124481,0,1,0,36
1125262,3,1,0,34
1125834,0,0,0,47
1126069,1,2,0,213
1126230,1,2,0,1664
1126230,1,1,0,1614
1126246,3,1,0,32
1126607,2,2,0,36
1127417,3,1,0,83
1128211,0,2,0,1446
1128211,0,1,0,25
1128420,1,1,0,160
1128527,3,0,0,31
1129229,1,0,0,1283
1130589,1,2,0,155
1130589,1,1,0,151
1131073,2,0,0,33
1132047,2,2,0,46
1132206,3,2,0,76
1134584,0,0,0,29
1134584,2,1,0,18
1134825,2,0,0,1721
1134825,0,2,0,38
1134825,2,1,0,49
1135075,0,0,0,911
1135149,0,0,0,24
1135303,2,1,0,35
1135508,2,1,0,1192
1135508,2,2,0,370
1135710,1,2,0,47
1135875,1,2,0,36
1136998,3,2,0,51
1137469,2,0,0,21
1137941,1,1,0,142
1138794,1,1,0,100
1139298,0,0,0,1843
1140104,1,0,0,58
1141373,1,2,0,678
1141416,3,1,0,206
1141416,3,2,0,1153
1142322,0,0,0,41
1142322,0,1,0,61
1142569,3,1,0,101
1142618,2,2,0,27
1142951,3,1,0,47
1145911,1,1,0,40
1147360,0,2,0,23
1147360,3,2,0,101
1147773,2,0,0,73
1148164,2,0,0,1496
1148549,1,1,0,107
1148790,2,0,0,54
1148790,3,2,0,32
1149216,2,1,0,16
1149432,3,0,0,33
1149717,3,2,0,36
1151431,1,1,0,79
1152758,1,1,0,363
1152758,1,2,0,1175
1152758,1,0,0,57
1154025,0,2,0,71
1154025,1,0,0,35
1154131,1,0,0,86
1155059,2,2,0,730
1155774,1,0,0,1783
1155774,0,2,0,97
1155774,1,1,0,1644
1155776,0,1,0,32
1155805,2,0,0,1587
1155805,3,2,0,1948
1155806,1,1,0,43
1156810,0,1,0,22
1156980,3,2,0,160
1156981,2,0,0,1350
1156981,2,1,0,19
1156981,2,2,0,23
1157104,3,0,0,1363
1157104,3,1,0,317
1157431,0,0,0,1612
1157676,0,0,0,59
1158164,1,2,0,56
1159488,1,0,0,98
1160761,2,1,0,24
1160883,3,1,0,1840
1160883,1,0,0,1207
1160883,3,0,0,97
1160883,1,1,0,758
1160883,3,2,0,570
1160888,0,0,0,157
1161932,0,0,0,1622
1162057,3,1,0,34
1162491,0,2,0,1577
1162491,2,0,0,149
1162555,3,2,0,31
1165371,1,0,0,189
1166098,3,0,0,34
1166167,1,2,0,652
1167200,0,2,0,1861
1167573,0,0,0,97
1167864,3,1,0,48
1168670,1,2,0,1778
1168671,3,0,0,90
1168909,0,1,0,71
1169044,0,2,0,245
1169085,1,1,0,36
1169363,1,2,0,1625
1169792,3,2,0,243
1170500,2,2,0,1264
1170500,2,1,0,22
1170630,2,1,0,19
1170759,2,2,0,155
1170902,0,2,0,1960
1170902,1,0,0,1490
1170902,2,0,0,1892
1170902,3,0,0,1273
1170902,2,1,0,1750
1170902,0,0,0,30
1170902,1,1,0,169
1170902,3,2,0,314
1170902,2,2,0,1585
1170921,2,2,0,1354
1170921,3,2,0,1726
1170921,0,0,0,25
1170921,1,0,0,1358
1170921,1,2,0,34
1170921,2,0,0,963
1170921,3,0,0,830
1170921,2,1,0,757
1170921,3,1,0,908
1171276,0,0,0,25
1172175,1,2,0,50
1172175,2,0,0,1043
1172175,3,2,0,114
1173830,3,1,0,39
1174052,1,0,0,211
1174053,0,2,0,40
1174065,0,2,0,119
1174773,2,2,0,49
1174774,2,1,0,25
1175748,2,2,0,18
1176917,0,2,0,30
1177476,3,2,0,249
1177732,2,1,0,100
1178022,0,0,0,276
1178528,3,0,0,1729
1179565,1,0,0,64
1179726,2,0,0,22
1179726,2,1,0,87
1179911,2,1,0,77
1179975,2,0,0,54
1179975,3,2,0,43
1180216,0,2,0,25
1181141,3,0,0,47
1181752,1,0,0,44
1181766,3,2,0,58
1182435,0,0,0,79
1182435,2,2,0,39
1182556,3,0,0,583
1183011,3,1,0,354
1183142,1,2,0,66
1183477,2,1,0,53
1183717,2,0,0,17
1184475,0,0,0,21
1184696,1,0,0,183
1184903,0,2,0,43
1185097,0,1,0,46
1185178,2,0,0,1226
1185534,1,1,0,79
1186190,0,0,0,56
1187459,3,0,0,65
1187459,1,1,0,112
1188307,1,1,0,107
1188307,3,1,0,40
1189881,2,1,0,20
1190175,0,2,0,1864
1190176,1,1,0,104
1190176,3,1,0,132
1190176,1,0,0,862
1190761,0,0,0,34
1191909,0,1,0,32
1192624,2,0,0,1705
1192624,3,2,0,2080
1192624,0,0,0,61
1192624,2,1,0,37
1192624,3,1,0,928
1192624,2,2,0,23
1193206,3,0,0,203
1194178,2,1,0,1456
1194216,1,0,0,1528
1194216,2,0,0,144
1194216,3,2,0,1957
1194216,0,2,0,271
1194216,3,1,0,56
1195162,2,1,0,1545
1195735,2,1,0,27
1195735,2,2,0,73
1195767,0,1,0,32
1195923,0,2,0,54
1195923,0,1,0,52
1197975,1,1,0,39
1198141,1,0,0,89
1198374,1,2,0,1424
1198374,3,0,0,1817
1198374,3,1,0,60
1198374,1,1,0,328
1198808,0,1,0,1324
1198808,0,2,0,207
1198808,0,0,0,251
1200026,3,2,0,846
1200161,2,0,0,21
1200165,3,1,0,78
1200428,0,2,0,192
1200790,1,1,0,61
1202151,0,2,0,28
1202462,2,1,0,17
1203562,1,0,0,46
1203868,0,0,0,167
1204045,2,0,0,21
1204091,3,0,0,95
1204699,1,2,0,74
1205474,3,2,0,37
1205574,2,2,0,27
1205662,1,1,0,44
1206787,0,2,0,22
1207181,1,0,0,38
1207502,0,1,0,29
1207502,0,0,0,40
1209968,1,0,0,175
1210740,2,2,0,18
1212341,3,1,0,61
1213308,0,2,0,30
1213696,2,1,0,76
1214899,0,0,0,1581
1214900,3,2,0,149
1214900,1,0,0,131
1214900,2,2,0,1432
1214900,0,1,0,359
1214900,1,1,0,34
1214900,2,0,0,21
1214900,3,1,0,39
1214900,0,2,0,1637
1214900,1,2,0,83
1214959,2,1,0,97
1216700,0,2,0,72
1216700,1,0,0,120
1217251,1,0,0,129
1217355,2,2,0,20
1217618,0,2,0,31
1218676,1,0,0,78
1218731,0,0,0,44
1219231,3,2,0,34
1220228,0,1,0,39
1220346,2,0,0,29
1221236,0,1,0,1752
1221236,1,0,0,49
1221460,0,0,0,43
1223633,2,0,0,1503
1223633,3,1,0,49
1223633,1,0,0,44
1225062,3,0,0,156
1225611,1,0,0,123
1225634,1,0,0,46
1225677,0,0,0,1877
1225677,2,0,0,1874
1225677,3,1,0,1759
1225677,1,2,0,213
1225677,0,1,0,1779
1225677,2,1,0,1696
1225677,3,2,0,1891
1225677,0,2,0,1984
1225677,2,2,0,1226
1225677,3,0,0,174
1225678,1,0,0,727
1225681,3,1,3,80
1225682,3,1,1,168
1225700,0,1,0,45
1226197,1,1,0,31
1226334,0,2,0,33
1227361,0,2,0,36
1227711,1,0,0,62
1228752,0,0,0,47
1228752,1,2,0,35
1228752,2,0,0,1559
1228752,3,2,0,497
1229042,2,0,0,19
1229344,0,0,0,186
1229344,0,1,0,661
1230096,1,0,0,232
1230096,3,2,0,37
1231709,0,0,0,35
1231908,2,2,0,16
1231936,1,2,0,63
1233004,0,0,0,262
1233237,2,0,0,56
1233237,3,2,0,527
1233356,1,1,0,38
1233549,2,2,0,19
1233783,0,0,0,1471
1233990,0,2,0,86
1235321,1,0,0,39
1235565,1,2,0,35
1236069,0,1,0,28
1236069,0,0,0,31
1238303,1,0,0,49
1238564,3,2,0,219
1239192,3,0,0,1592
1239399,1,1,0,38
1240049,1,0,0,44
1240394,2,2,0,53
1240394,2,0,0,34
1241071,0,0,0,86
1241224,0,0,0,162
1241861,0,2,0,97
1241861,1,0,0,1754
1241861,2,0,0,62
1241861,3,2,0,1773
1241861,0,1,0,63
1241982,1,0,0,284
1242377,2,0,0,195
1242377,3,2,0,41
1243241,0,2,0,38
1243711,2,1,0,19
1243934,1,1,0,41
1244232,2,0,0,26
1244309,1,1,0,36
1244879,2,1,0,24
1245328,0,2,0,129
1245516,0,2,0,1555
1245516,1,0,0,151
1246167,2,2,0,1622
1246167,3,2,0,954
1246167,0,2,0,29
1246167,2,1,0,33
1247332,1,0,0,63
1247486,0,0,0,1422
1247486,1,0,0,60
1247486,0,1,0,93
1248428,0,2,0,89
1248428,2,2,0,87
1249046,0,2,0,150
1249046,1,0,0,55
1249572,2,0,0,19
1250506,1,0,0,205
1251399,1,0,0,160
1253744,1,0,0,60
1254634,1,0,0,1396
1254634,0,2,0,40
1254634,1,1,0,31
1254909,2,0,0,24
1254909,3,2,0,156
1255329,0,1,0,0
1255448,1,0,0,65
1256631,1,0,0,382
1257991,0,0,0,41
1257991,1,1,0,144
1257991,0,1,0,1307
1257991,1,0,0,41
1257991,0,2,0,91
1258614,0,2,0,104
1258630,1,0,0,31
1258708,2,1,0,1553
1258708,2,2,0,1712
1258708,2,0,0,1484
1258797,3,0,0,300
1259052,0,0,0,1275
1259118,3,2,0,145
1259463,0,1,0,84
1260393,3,1,0,38
1260546,2,2,0,18
1260754,1,0,0,1733
1260975,3,2,0,41
1261147,3,2,0,96
1261483,0,2,0,1836
1261654,1,1,0,222
1262666,0,2,0,100
1263180,2,0,0,67
1263180,0,1,0,31
1263180,0,0,0,23
1263200,2,0,0,59
1263534,0,2,0,24
1263797,1,2,0,132
1263924,1,2,0,53
1264301,2,2,0,383
1264542,2,2,0,16
1264904,0,2,0,47
1264933,3,2,0,107
1265005,1,2,0,40
1265311,2,1,0,21
1265311,2,2,0,178
1265856,0,1,0,37
1266530,1,2,0,37
1268021,2,1,0,1428
1268021,2,2,0,160
1268297,2,0,0,21
1268715,1,2,0,1668
1269065,1,1,0,179
1270110,3,1,0,200
1270110,3,0,0,129
1270308,1,2,0,1857
1270308,2,1,0,1316
1270308,3,1,0,1594
1270308,0,2,0,143
1270308,1,0,0,1621
1270308,3,2,0,1511
1270308,0,1,0,55
1270308,2,2,0,614
1270308,1,1,0,1526
1270308,2,0,0,99
1270308,3,0,0,942
1270312,1,0,1,125
1270312,1,0,3,45
1270949,2,1,0,25
1271002,0,0,0,59
1271689,3,0,0,53
1271689,3,1,0,75
1271800,0,0,0,575
1271871,0,0,0,41
1272055,2,1,0,19
1272336,0,1,0,26
1272421,1,2,0,33
1273437,2,2,0,903
1274202,0,0,0,72
1274528,2,1,0,20
1275595,0,1,0,40
1275703,1,1,0,340
1276043,0,0,0,1924
1276043,1,0,0,58
1276214,3,0,0,1725
1277387,1,1,0,38
1277387,0,0,0,1791
1277387,0,1,0,627
1277387,1,2,0,31
1277470,2,2,0,31
1278194,0,0,0,192
1279311,1,0,0,338
1280593,2,1,0,83
1281230,2,1,0,52
1283030,1,2,0,812
1283274,0,0,0,60
1283475,2,1,0,208
1283951,1,2,0,157
1284011,1,0,0,37
1284174,1,0,0,47
1284646,0,2,0,30
1284717,0,1,0,41
1284878,3,0,0,932
1284880,0,0,0,45
1285403,0,2,0,191
1285758,2,2,0,309
1285838,1,2,0,154
1285933,0,2,0,30
1285933,1,2,0,1908
1285933,1,1,0,514
1286880,1,1,0,39
1287157,2,2,0,28
1287229,2,0,0,75
1290645,2,0,0,18
1290848,1,2,0,31
1291079,0,0,0,1849
1291080,1,1,0,33
1291080,2,0,0,282
1291080,3,0,0,524
1291080,0,1,0,1517
1291080,1,0,0,331
1291080,0,2,0,1479
1292031,0,0,0,33
1292040,2,2,0,1651
1292040,3,1,0,68
1292040,0,0,0,48
1292040,1,0,0,35
1292040,2,0,0,396
1292040,3,2,0,176
1292040,2,1,0,30
1292962,2,1,0,1623
1292962,3,2,0,66
1293666,0,0,0,124
1293763,3,0,0,122
1294553,1,0,0,1815
1296632,1,2,0,39
1296791,1,1,0,114
1297454,2,0,0,41
1298289,2,0,0,1620
1298361,1,2,0,37
1299104,2,1,0,23
1299497,3,0,0,32
1300436,0,2,0,72
1300436,1,0,0,161
1300436,2,0,0,942
1300682,3,1,0,434
1300682,3,2,0,59
1301012,1,0,0,1845
1301012,2,2,0,1712
1301012,3,1,0,1660
1301012,0,2,0,2121
1301012,2,1,0,1652
1301013,0,1,0,1629
1301013,1,1,0,1624
1301013,3,2,0,70
1301013,0,0,0,63
1301013,2,0,0,111
1301013,3,0,0,136
1301121,0,2,0,1859
1301122,0,1,0,738
1302050,1,1,0,1551
1302050,3,0,0,1259
1303092,2,0,0,38
1303303,1,1,0,42
1303430,3,1,0,274
1304054,0,0,0,111
1304132,3,1,0,232
1304482,2,0,0,22
1304790,2,0,0,70
1305159,0,2,0,26
1305520,3,1,0,35
1305704,1,1,0,55
1305960,0,1,0,119
1306372,3,1,0,102
1306476,0,2,0,36
1306476,0,0,0,33
1306558,1,0,0,127
1307019,2,1,0,1414
1307019,2,0,0,113
1308190,1,0,0,150
1308488,1,2,0,472
1311609,0,2,0,765
1311609,0,1,0,22
1312170,0,2,0,37
1312170,1,0,0,91
1312333,1,0,0,53
1313330,1,0,0,220
1313330,1,2,0,36
1313796,2,2,0,343
1314112,2,0,0,17
1314882,0,2,0,99
1315544,3,1,0,73
1315804,2,2,0,26
1316102,2,0,0,21
1316413,1,1,0,1694
1316413,0,0,0,61
1316413,2,2,0,21
1316413,1,2,0,315
1317102,1,1,0,68
1317215,3,0,0,62
1319452,0,0,0,129
1321197,1,1,0,1330
1321197,1,2,0,195
1323511,3,1,0,228
1324559,2,2,0,16
1325262,3,0,0,1917
1325262,1,2,0,144
1325262,3,1,0,714
1325312,0,2,0,23
1325722,2,1,0,1404
1325722,0,2,0,21
1325966,3,0,0,277
1327016,1,1,0,1688
1327016,3,2,0,274
1327016,3,0,0,287
1328053,1,2,0,32
1328757,0,0,0,1816
1328757,0,1,0,42
1330598,1,0,0,55
1330874,1,2,0,146
1331019,0,0,0,105
1331081,0,0,0,54
1331413,1,2,0,454
1331413,3,2,0,54
1331724,1,0,0,47
1331968,3,0,0,166
1332225,3,1,0,170
1332225,3,0,0,59
1332278,0,2,0,111
1332641,2,2,0,105
1333091,2,0,0,16
1333837,3,2,0,227
1334095,0,2,0,23
1334636,2,0,0,50
1334770,3,2,0,1593
1334770,2,0,0,61
1334798,3,0,0,97
1336206,2,0,0,1581
1336206,3,2,0,1821
1336206,2,1,0,558
1336206,3,1,0,834
1336206,2,2,0,21
1336531,2,1,0,16
1336627,1,2,0,105
1336627,1,1,0,31
1337147,3,2,0,1586
1337147,2,0,0,251
1337147,3,0,0,1410
1337147,3,1,0,161
1337725,3,1,0,1717
1337726,3,2,0,173
1337849,2,0,0,18
1337954,1,1,0,48
1338481,3,1,0,33
1339099,0,1,0,21
1339099,0,0,0,45
1339299,1,2,0,40
1340051,0,2,0,89
1340435,2,2,0,788
1341517,3,2,0,1891
1341517,0,2,0,37
1341517,2,0,0,19
1341517,3,0,0,41
1341968,0,2,0,31
1344350,2,0,0,1365
1344890,0,1,0,23
1344890,1,0,0,132
1344890,2,2,0,42
1344890,2,0,0,73
1344890,1,1,0,99
1345437,1,2,0,104
1345924,1,0,0,216
1346004,3,0,0,255
1346289,1,0,0,48
1347080,1,1,0,36
1347148,3,1,0,1485
1347148,1,1,0,349
1347577,2,0,0,37
1347755,0,0,0,26
1347870,3,2,0,33
1349439,1,2,0,50
1350419,3,1,0,118
1350722,3,0,0,98
1351862,1,0,0,1724
1352853,0,0,0,1812
1352853,0,1,0,1801
1353173,0,1,0,1605
1353173,2,0,0,1339
1353173,3,2,0,1754
1353692,0,0,0,32
1353748,0,1,0,32
1353771,1,2,0,48
1354589,1,1,0,1944
1354589,3,0,0,1720
1354589,2,0,0,81
1354589,1,2,0,1769
1354589,3,1,0,112
1354589,1,0,0,1843
1354589,3,2,0,158
1354963,3,1,0,34
1356576,0,0,0,54
1357370,1,2,0,32
1357847,2,2,0,33
1358718,2,1,0,16
1358988,1,2,0,34
1359362,3,0,0,80
1359516,0,1,0,79
1359794,0,2,0,1941
1359866,2,0,0,50
1360017,2,0,0,47
1361076,3,0,0,35
1361087,1,2,0,34
1361413,0,2,0,85
1361413,2,0,0,41
1362104,2,2,0,66
1362366,0,0,0,437
1362366,1,1,0,45
1362477,1,1,0,34
1362741,2,2,0,1673
1362741,3,2,0,259
1362741,2,1,0,986
1362741,2,0,0,71
1362744,2,2,1,77
1362744,2,2,3,74
1363087,3,0,0,33
1363480,0,2,0,69
1364645,1,1,0,69
1365174,2,1,0,17
1366444,3,2,0,53
1366444,3,0,0,337
1366444,3,1,0,130
1366983,1,0,0,32
1367924,2,1,0,1172
1367924,3,2,0,150
1367924,2,2,0,64
1367924,2,0,0,414
1368719,0,1,0,49
1369909,0,2,0,26
1370330,0,1,0,25
1371060,1,1,0,1710
1371863,3,1,0,1839
1371863,0,0,0,1702
1371863,1,1,0,1823
1371863,2,0,0,1659
1371863,1,2,0,1730
1371863,3,2,0,1664
1371863,3,0,0,1821
1371864,0,2,0,850
1371864,2,1,0,39
1371864,1,0,0,942
1371864,2,2,0,651
1372618,3,1,0,46
1374134,2,2,0,825
1374377,2,0,0,29
1375547,0,1,0,1752
1375547,0,2,0,2076
1377698,0,0,0,54
1379063,2,2,0,21
1379653,2,1,0,35
1379898,3,1,0,1653
1379898,0,2,0,173
1379898,1,0,0,1746
1379898,1,1,0,1822
1379898,3,0,0,52
1379898,1,2,0,1709
1380552,0,2,0,23
1380990,3,2,0,41
1381182,1,0,0,32
1381308,3,0,0,199
1381522,1,1,0,66
1381706,3,0,0,32
1382484,3,1,0,62
1382484,3,2,0,34
1383302,0,2,0,23
1383406,0,2,0,2006
1383406,1,0,0,1655
1383407,3,1,0,38
1383407,0,1,0,133
1383898,0,0,0,29
1384079,0,0,0,45
1384494,1,0,0,214
1384644,0,1,0,23
1384807,1,1,0,169
1386360,0,2,0,21
1386472,0,0,0,1756
1386581,2,2,0,22
1387231,3,1,0,34
1387479,1,2,0,101
1387479,2,2,0,20
1388175,2,0,0,50
1388917,3,0,0,31
1389039,3,1,0,88
1390096,2,1,0,51
1390367,0,2,0,1938
1390367,1,0,0,617
1390522,0,0,0,66
1393111,3,1,0,1543
1393288,0,0,0,22
1393344,1,1,0,36
1394777,1,2,0,32
1396368,0,0,0,54
1397214,3,1,0,1630
1397214,2,0,0,35
1397214,3,2,0,1872
1397348,1,0,0,377
1397618,2,0,0,21
1398151,3,0,0,73
1398340,1,0,0,1673
1398895,3,0,0,96
1398983,0,2,0,215
1400194,1,0,0,46
1400993,2,1,0,36
1400993,3,0,0,43
1401544,0,0,0,38
1401546,3,0,0,110
1401546,3,1,0,40
1401851,0,2,0,41
1401932,1,2,0,38
1402539,2,2,0,18
1405225,0,0,0,50
1405225,1,0,0,162
1406971,1,0,0,40
1407049,2,2,0,95
1409747,2,1,0,16
1410264,3,1,0,40
1410265,0,2,0,67
1410724,1,0,0,39
1410724,1,1,0,94
1410724,1,2,0,527
1410879,0,2,0,107
1410987,0,2,0,64
1411752,1,2,0,294
1412619,3,0,0,231
1414432,2,0,0,52
1414432,3,0,0,1320
1414865,3,0,0,1904
1415373,0,2,0,137
1415754,1,1,0,1718
1415754,2,1,0,217
1415754,3,2,0,1679
1415755,1,2,0,709
1415755,2,0,0,27
1415868,0,0,0,1867
1415868,2,2,0,52
1415868,3,1,0,40
1415868,0,1,0,1926
1415868,0,2,0,220
1416923,0,0,0,31
1417149,2,0,0,30
1417434,2,1,0,115
1417472,0,2,0,60
1417474,0,0,0,27
1418448,2,0,0,84
1418562,1,2,0,35
1419059,2,0,0,88
1420079,0,0,0,27
1421263,0,0,0,23
1421946,0,2,0,141
1421946,1,1,0,39
1421946,3,1,0,51
1421946,0,0,0,108
1421946,1,2,0,186
1421946,3,0,0,380
1421946,1,0,0,74
1422157,0,0,0,286
1423660,0,1,0,67
1423813,0,0,0,1830
1423813,2,2,0,1730
1423813,1,2,0,54
1423813,0,1,0,43
1423997,3,2,0,1902
1423998,2,0,0,95
1424219,2,2,0,195
1424509,1,2,0,45
1425759,0,2,0,79
1425772,0,0,0,119
1426748,0,2,0,31
1427074,2,2,0,59
1427454,0,2,0,38
1428831,2,2,0,67
1428891,0,0,0,25
1429162,2,1,0,64
1429301,1,1,0,44
1429387,2,2,0,23
1429396,2,2,0,1653
1429396,2,1,0,35
1430060,3,2,0,39
1430061,3,0,0,96
1430651,0,0,0,70
1430651,2,2,0,82
1430651,3,0,0,250
1430651,2,1,0,40
1430652,2,0,0,21
1432949,2,0,0,26
1432970,0,0,0,1974
1432970,1,1,0,764
1432970,2,2,0,1687
1432970,3,2,0,1827
1432970,0,1,0,832
1432970,2,0,0,1262
1432970,3,1,0,1397
1432970,1,2,0,106
1432970,0,2,0,433
1432970,1,0,0,182
1432970,2,1,0,255
1433123,0,2,0,21
1433437,0,1,0,2145
1433437,1,0,0,1706
1433437,2,1,0,1859
1433437,3,2,0,1838
1433437,2,0,0,2019
1433437,0,2,0,2069
1433437,1,1,0,1672
1433437,3,1,0,799
1433437,0,0,0,1960
1433437,1,2,0,372
1433437,2,2,0,879
1433438,2,1,3,83
1433439,2,1,1,100
1433441,2,0,3,59
1433442,2,0,1,123
1433509,2,0,0,56
1434180,2,1,0,19
1434180,2,0,0,45
1434664,2,2,0,434
1434664,2,0,0,18
1435410,1,2,0,1657
1435410,1,1,0,649
1435600,0,2,0,36
1436192,1,0,0,36
1436276,0,0,0,39
1436650,1,2,0,42
1436887,0,1,0,47
1437498,1,0,0,1793
1437498,0,2,0,1921
1437498,2,1,0,17
1437498,0,0,0,334
1437498,1,1,0,258
1437498,2,2,0,197
1437498,1,2,0,64
1437498,0,1,0,498
1437498,2,0,0,38
1437580,3,2,0,271
1437580,2,0,0,22
1439039,0,0,0,45
1439848,2,2,0,25
1440820,0,0,0,66
1440887,0,0,0,161
1441543,1,0,0,1870
1441543,1,1,0,1752
1441544,0,2,0,1397
1441544,2,0,0,23
1441544,3,2,0,153
1441545,1,2,0,186
1441780,0,2,0,32
1443107,0,2,0,43
1444038,1,2,0,69
1444089,1,1,0,71
1444170,1,2,0,1598
1444895,1,2,0,55
1444985,0,2,0,41
1445709,0,0,0,70
1445722,2,1,0,102
1445722,2,2,0,902
1446053,0,0,0,175
1446337,3,0,0,109
1446374,1,1,0,1603
1446477,1,0,0,1014
1446760,3,1,0,86
1448072,1,1,0,363
1448072,1,0,0,40
1448712,0,2,0,33
1449449,3,1,0,37
1449707,0,1,0,1871
1449728,1,0,0,1400
1450807,3,1,0,1360
1450807,0,0,0,310
1450807,1,0,0,113
1450807,2,0,0,102
1450807,0,1,0,464
1450807,1,1,0,107
1450807,2,1,0,22
1450807,3,2,0,359
1450807,0,2,0,223
1450807,3,0,0,31
1450954,2,0,0,21
1451136,2,1,0,31
1453832,1,2,0,1210
1456831,1,2,0,57
1458795,0,2,0,79
1459142,1,1,0,32
1459588,3,0,0,35
1459773,1,1,0,183
1460152,0,2,0,55
1460456,2,1,0,46
1460456,2,2,0,19
1460627,2,2,0,36
1460670,3,1,0,52
1461362,3,0,0,45
1463005,2,2,0,37
1463822,0,1,0,22
1463946,2,2,0,1747
1463946,3,2,0,1963
1463946,0,2,0,118
1463946,1,0,0,231
1463946,2,0,0,1894
1463946,3,1,0,149
1463946,2,1,0,1586
1463949,0,0,0,26
1463982,3,1,0,34
1464079,0,2,0,65
1464079,2,0,0,1403
1464079,2,1,0,70
1464325,2,1,0,18
1464343,1,2,0,1651
1464343,0,2,0,40
1465084,1,2,0,386
1465120,0,0,0,28
1466069,0,0,0,28
1466605,0,1,0,282
1468617,0,0,0,71
1469097,1,0,0,111
1469441,2,0,0,46
1472909,1,1,0,70
1472926,0,2,0,394
1472926,2,1,0,23
1474149,0,0,0,33
1474995,1,1,0,48
1474998,1,1,0,1542
1475177,0,0,0,356
1475268,1,1,0,1642
1475269,1,2,0,75
1475369,1,2,0,31
1475550,2,0,0,34
1476395,2,1,0,1563
1476395,2,2,0,40
1477194,3,1,0,293
1480007,1,0,0,36
1480464,1,1,0,1654
1480464,1,2,0,1660
1480465,3,0,0,43
1480465,1,0,0,870
1481208,1,0,0,1767
1481208,3,0,0,1753
1481208,0,0,0,85
1481208,2,0,0,73
1481208,0,1,0,44
1481208,1,1,0,1440
1481208,3,1,0,1622
1481208,1,2,0,463
1481208,0,2,0,1316
1482545,1,2,0,63
1482691,0,0,0,95
1483618,0,1,0,43
1483907,1,2,0,196
1484172,3,0,0,81
1484417,1,0,0,32
1484885,3,0,0,41
1485383,3,0,0,78
1486103,3,2,0,105
1486853,2,1,0,941
1486873,0,0,0,29
1486994,0,0,0,103
1487180,2,0,0,1758
1487180,3,2,0,2003
1487180,2,1,0,1473
1487180,3,0,0,1672
1487180,3,1,0,1543
1487181,0,0,0,72
1487853,2,2,0,19
1488101,2,0,0,92
1488694,1,0,0,1821
1488694,1,2,0,66
1490308,1,0,0,239
1490497,1,0,0,37
1490975,0,2,0,31
1492037,3,0,0,37
1492037,0,0,0,1288
1492037,2,2,0,43
1492037,0,1,0,249
1492037,2,0,0,21
1492037,2,1,0,34
1492205,0,2,0,66
1492609,2,2,0,144
1492609,2,0,0,23
1492803,0,1,0,248
1492803,1,1,0,244
1493141,3,1,0,1658
1493153,3,2,0,273
1493601,0,0,0,44
1493719,0,2,0,51
1494307,3,1,0,40
1494940,2,1,0,1635
1495430,0,2,0,173
1495430,2,1,0,303
1495430,3,1,0,959
1495430,3,2,0,97
1495587,1,0,0,112
1495770,2,2,0,296
1496037,2,2,0,110
1497038,1,2,0,1214
1497711,1,1,0,96
1498174,3,0,0,69
1498753,1,1,0,39
1498765,3,2,0,38
1498828,1,2,0,41
1498904,1,2,0,37
1499194,0,2,0,304
1499814,0,0,0,68
1499814,3,2,0,163
1499920,0,0,0,56
1500107,3,1,0,75
1500370,2,2,0,26
1500397,0,1,0,21
1500852,2,1,0,18
1500943,0,2,0,183
1501882,3,0,0,34
1502199,3,1,0,56
1502459,1,1,0,1737
1503700,2,2,0,21
1504085,1,0,0,38
1504603,0,2,0,1214
1506028,1,0,0,102
1507675,0,2,0,158
1507675,2,2,0,54
1507675,3,2,0,61
1507675,2,0,0,66
1508265,2,0,0,103
1508270,2,0,0,69
1508500,0,1,0,1959
1508500,1,0,0,1718
1508500,2,0,0,1885
1508500,3,2,0,174
1508500,2,1,0,1636
1508500,0,2,0,2076
1508500,1,1,0,1564
1508500,0,0,0,1703
1508500,1,2,0,1609
1508500,2,2,0,95
1508502,0,2,3,67
1508503,0,2,1,163
1508503,2,0,1,71
1508503,2,0,3,67
1508506,2,0,3,78
1508507,2,0,1,80
1509694,1,1,0,54
1510564,0,0,0,37
1510970,1,1,0,163
1511382,3,1,0,204
1512835,0,0,0,302
1514239,0,2,0,106
1514391,1,0,0,36
1515509,3,2,0,1780
1515706,2,2,0,90
1516030,1,1,0,1577
1516680,2,0,0,19
1516812,3,2,0,118
1517356,2,2,0,31
1519561,0,0,0,44
1520194,2,2,0,71
1520288,1,2,0,1008
1521319,2,0,0,19
1521537,3,1,0,85
1521668,3,1,0,258
1521668,0,0,0,307
1521668,1,0,0,271
1521668,2,2,0,120
1521668,2,0,0,236
1521668,3,2,0,483
1521668,2,1,0,74
1521714,1,2,0,36
1521807,2,1,0,17
1521950,0,1,0,426
1522388,2,2,0,1604
1522439,3,0,0,97
1523661,2,0,0,36
1523661,2,1,0,98
1523744,3,1,0,37
1523790,2,2,0,1491
1523803,0,2,0,1327
1525240,0,2,0,45
1525240,0,1,0,65
1526311,3,0,0,1484
1527045,2,0,0,19
1528216,0,2,0,28
1528395,1,1,0,84
1531390,0,0,0,44
1533083,1,0,0,89
1533083,1,2,0,85
1533126,3,1,0,35
1533193,0,2,0,150
1533193,1,0,0,1807
1533193,3,0,0,310
1533193,1,1,0,1709
1533194,3,1,0,74
1533194,0,1,0,740
1533194,1,2,0,813
1533893,3,1,0,97
1534047,1,1,0,152
1534047,1,2,0,444
1534975,3,2,0,148
1535115,0,2,0,65
1535160,0,0,0,25
1535217,2,0,0,18
1535383,3,0,0,366
1535514,1,2,0,42
1536196,3,1,0,66
1536223,2,1,0,35
1536715,2,0,0,34
1538537,1,0,0,265
1539134,1,1,0,1690
1539134,0,2,0,263
1539223,1,2,0,91
1539352,2,1,0,29
