|time               |
|2018-06-01 21:13:15|
|2018-06-02 06:26:49|
|2018-06-02 08:14:50|
|2018-06-02 22:31:05|
|2018-06-03 05:39:46|
|2018-06-03 16:23:06|
|2018-06-05 10:59:25|
|2018-06-06 17:31:38|
|2018-06-10 09:03:13|
|2018-06-10 13:38:27|
|2018-06-10 18:58:48|
|2018-06-11 03:29:01|
|2018-06-12 18:50:07|
|2018-06-13 15:36:18|
|2018-06-14 07:51:04|
|2018-06-15 11:05:56|
|2018-06-16 21:17:18|
|2018-06-17 20:55:23|
|2018-06-18 00:43:13|
|2018-06-18 17:22:06|
|2018-06-18 22:40:26|
|2018-06-20 08:29:23|
|2018-06-20 08:34:58|
|2018-06-20 15:50:37|
|2018-06-22 06:32:42|
|2018-06-22 13:52:42|
|2018-06-23 16:41:56|
|2018-06-23 20:22:36|
|2018-06-24 13:49:40|
|2018-06-25 22:34:41|
|2018-06-26 01:47:22|
|2018-06-26 06:15:13|
|2018-06-26 08:21:16|
|2018-06-26 09:23:50|
|2018-06-30 08:02:59|
|2018-06-30 11:11:51|
|2018-07-01 11:15:04|
|2018-07-02 10:39:52|
|2018-07-03 21:01:40|
|2018-07-03 22:46:51|
|2018-07-04 05:36:42|
|2018-07-04 12:36:28|
|2018-07-06 08:24:40|
|2018-07-07 01:55:38|
|2018-07-09 02:22:03|
|2018-07-09 10:52:00|
|2018-07-10 01:28:38|
|2018-07-11 17:02:02|
|2018-07-13 00:52:14|
|2018-07-14 13:01:15|
|2018-07-15 02:05:14|
|2018-07-15 17:47:19|
|2018-07-15 18:07:05|
|2018-07-16 19:27:20|
|2018-07-18 01:57:44|
|2018-07-18 04:49:00|
|2018-07-18 15:12:57|
|2018-07-18 18:18:24|
|2018-07-20 05:06:02|
|2018-07-20 14:21:44|
|2018-07-20 16:38:40|
|2018-07-20 22:23:57|
|2018-07-21 11:06:48|
|2018-07-22 02:53:21|
|2018-07-22 10:01:39|
|2018-07-22 23:49:13|
|2018-07-23 18:09:48|
|2018-07-24 19:22:31|
|2018-07-24 23:36:18|
|2018-07-27 14:15:28|
|2018-07-27 18:59:15|
|2018-07-28 13:48:22|
|2018-07-28 17:29:00|
|2018-07-28 21:09:58|
|2018-07-30 00:25:40|
|2018-07-31 21:23:21|
|2018-08-01 06:37:03|
|2018-08-01 11:48:42|
|2018-08-03 14:09:49|
|2018-08-03 23:54:38|
|2018-08-04 13:17:41|
|2018-08-04 18:22:19|
|2018-08-04 21:49:02|
|2018-08-04 22:20:38|
|2018-08-05 13:02:36|
|2018-08-06 15:57:58|
|2018-08-06 22:38:59|
|2018-08-07 02:19:54|
|2018-08-07 19:58:14|
|2018-08-09 10:48:36|
|2018-08-09 11:38:12|
|2018-08-09 13:12:04|
|2018-08-09 14:37:03|
|2018-08-09 20:28:48|
|2018-08-10 06:40:46|
|2018-08-10 23:00:44|
|2018-08-12 08:22:30|
|2018-08-13 03:00:49|
|2018-08-14 12:06:54|
|2018-08-16 02:07:18|
|2018-08-16 22:19:52|
|2018-08-17 22:06:58|
|2018-08-18 03:12:04|
|2018-08-18 04:17:57|
|2018-08-18 12:28:57|
|2018-08-19 03:39:30|
|2018-08-20 12:28:20|
|2018-08-22 10:08:27|
|2018-08-22 13:28:34|
|2018-08-23 10:36:38|
|2018-08-23 19:04:32|
|2018-08-24 10:05:19|
|2018-08-26 01:19:15|
|2018-08-26 18:32:52|
|2018-08-28 08:32:30|
|2018-08-28 18:57:34|
|2018-08-29 08:50:02|
|2018-09-01 22:56:01|
|2018-09-05 09:36:09|
|2018-09-05 13:57:46|
|2018-09-06 14:19:51|
|2018-09-06 18:12:25|
|2018-09-08 05:13:02|
|2018-09-10 00:46:12|
|2018-09-10 03:44:16|
|2018-09-11 10:38:46|
|2018-09-12 06:34:13|
|2018-09-13 18:48:07|
|2018-09-14 12:31:47|
|2018-09-14 18:23:02|
|2018-09-22 11:03:52|
|2018-09-22 17:36:51|
|2018-09-23 04:08:25|
|2018-09-23 22:20:30|
|2018-09-24 15:22:22|
|2018-09-25 09:46:30|
|2018-09-25 14:37:31|
|2018-09-27 23:49:20|
|2018-09-29 01:21:34|
|2018-09-29 10:52:33|
|2018-09-29 15:18:13|
|2018-09-30 18:48:43|
|2018-10-02 14:47:47|
|2018-10-07 09:14:23|
|2018-10-07 17:41:28|
|2018-10-08 06:27:48|
|2018-10-08 21:02:22|
|2018-10-10 05:55:51|
|2018-10-11 03:36:19|
|2018-10-11 04:21:10|
|2018-10-11 17:16:10|
|2018-10-13 02:39:29|
|2018-10-14 11:30:14|
|2018-10-15 21:48:34|
|2018-10-16 00:55:00|
|2018-10-16 17:13:25|
|2018-10-17 20:54:15|
|2018-10-18 06:07:25|
|2018-10-20 10:10:58|
|2018-10-20 19:00:33|
|2018-10-22 10:49:57|
|2018-10-22 17:30:13|
|2018-10-23 02:04:02|
|2018-10-23 11:58:01|
|2018-10-26 05:01:54|
|2018-10-26 12:57:03|
|2018-10-27 01:48:59|
|2018-10-27 02:23:28|
|2018-10-28 14:09:44|
|2018-10-29 21:24:46|
|2018-10-30 01:27:22|
|2018-11-03 01:06:45|
|2018-11-04 15:13:50|
|2018-11-04 22:16:15|
|2018-11-07 11:35:25|
|2018-11-10 08:43:31|
|2018-11-11 15:42:14|
|2018-11-12 13:58:48|
|2018-11-16 11:36:47|
|2018-11-17 15:55:18|
|2018-11-19 14:32:17|
|2018-11-19 15:35:09|
|2018-11-19 18:26:27|
|2018-11-20 06:21:19|
|2018-11-20 11:52:50|
|2018-11-21 09:36:59|
|2018-11-21 17:50:09|
|2018-11-21 20:43:39|
|2018-11-22 01:44:11|
|2018-11-22 09:09:03|
|2018-11-23 05:33:03|
|2018-11-25 08:54:39|
|2018-11-26 03:52:50|
|2018-11-26 09:54:08|
|2018-11-26 17:29:48|
|2018-11-27 06:35:01|
|2018-11-27 06:46:20|
|2018-11-28 03:05:25|
|2018-11-28 18:01:54|
|2018-12-01 02:38:00|
|2018-12-03 12:08:47|
|2018-12-03 18:46:36|
|2018-12-03 21:06:32|
|2018-12-05 08:41:00|
|2018-12-06 23:16:28|
|2018-12-08 04:30:44|
|2018-12-08 08:04:06|
|2018-12-12 16:37:46|
|2018-12-13 12:57:38|
|2018-12-15 02:38:38|
|2018-12-16 13:13:11|
|2018-12-17 15:56:59|
|2018-12-21 13:34:19|
|2018-12-22 06:41:30|
|2018-12-22 20:11:34|
|2018-12-25 11:44:10|
|2018-12-25 18:52:28|
|2018-12-26 14:23:45|
|2018-12-27 06:16:59|
|2018-12-27 13:42:31|
|2018-12-28 02:53:17|
|2018-12-28 21:22:35|
|2018-12-30 00:34:56|
|2018-12-30 01:51:02|
|2018-12-31 01:24:48|
|2018-12-31 03:27:43|
|2018-12-31 22:43:04|
|2018-12-31 22:54:26|
|2019-01-01 07:56:58|
|2019-01-02 06:11:31|
|2019-01-02 15:40:17|
|2019-01-02 23:10:46|
|2019-01-03 16:41:53|
|2019-01-03 21:03:51|
|2019-01-05 23:05:09|
|2019-01-06 13:34:44|
|2019-01-06 16:52:44|
|2019-01-06 20:47:10|
|2019-01-07 01:12:40|
|2019-01-09 05:12:41|
|2019-01-09 06:47:37|
|2019-01-09 11:56:09|
|2019-01-10 17:24:48|
|2019-01-12 01:32:44|
|2019-01-13 22:11:20|
|2019-01-14 05:07:17|
|2019-01-14 19:31:12|
|2019-01-14 20:57:03|
|2019-01-15 02:27:03|
|2019-01-17 01:31:24|
|2019-01-17 08:50:43|
|2019-01-17 14:36:51|
|2019-01-18 22:29:49|
|2019-01-19 05:59:03|
|2019-01-20 23:42:40|
|2019-01-21 12:55:17|
|2019-01-22 07:19:07|
|2019-01-22 16:57:03|
|2019-01-23 12:19:13|
|2019-01-25 10:26:23|
|2019-01-26 05:14:41|
|2019-01-29 12:15:34|
|2019-01-29 12:21:41|
|2019-01-29 14:40:05|
|2019-01-31 02:36:33|
|2019-01-31 23:08:35|
|2019-02-01 18:16:48|
|2019-02-02 01:39:30|
|2019-02-02 05:36:55|
|2019-02-02 15:13:12|
|2019-02-03 15:44:08|
|2019-02-04 05:46:06|
|2019-02-04 15:02:50|
|2019-02-05 06:55:23|
|2019-02-05 09:24:15|
|2019-02-05 22:31:15|
|2019-02-06 03:49:23|
|2019-02-11 16:54:44|
|2019-02-12 11:33:29|
|2019-02-12 17:52:33|
|2019-02-15 18:31:22|
|2019-02-16 11:52:26|
|2019-02-18 07:54:33|
|2019-02-18 19:27:44|
|2019-02-19 06:02:57|
|2019-02-19 19:38:58|
|2019-02-20 02:59:34|
|2019-02-20 20:12:43|
|2019-02-22 12:53:27|
|2019-02-24 04:05:58|
|2019-02-26 12:21:45|
|2019-02-28 23:21:16|
|2019-03-03 05:45:22|
|2019-03-04 08:54:35|
|2019-03-04 19:37:23|
|2019-03-05 13:05:15|
|2019-03-06 11:13:27|
|2019-03-06 22:37:43|
|2019-03-07 03:37:16|
|2019-03-08 22:09:46|
|2019-03-10 09:32:32|
|2019-03-11 14:23:33|
|2019-03-11 17:36:00|
|2019-03-12 04:03:48|
|2019-03-12 10:42:10|
|2019-03-14 08:52:37|
|2019-03-15 12:17:42|
|2019-03-17 01:07:56|
|2019-03-19 08:28:17|
|2019-03-19 09:00:37|
|2019-03-20 01:14:36|
|2019-03-21 08:42:33|
|2019-03-21 22:21:17|
|2019-03-23 04:17:14|
|2019-03-23 07:16:51|
|2019-03-23 21:05:21|
|2019-03-24 08:21:09|
|2019-03-24 22:44:01|
|2019-03-25 12:32:41|
|2019-03-25 23:58:57|
|2019-03-26 07:31:38|
|2019-03-26 23:24:41|
|2019-03-27 02:39:10|
|2019-03-29 06:21:45|
|2019-03-30 14:48:53|
|2019-03-30 16:39:32|
|2019-03-31 02:14:37|
|2019-03-31 20:12:00|
|2019-04-01 02:35:24|
|2019-04-01 03:20:20|
|2019-04-04 07:01:21|
|2019-04-04 12:24:05|
|2019-04-04 21:06:35|
|2019-04-06 11:09:47|
|2019-04-06 17:52:33|
|2019-04-07 13:48:36|
|2019-04-07 16:07:26|
|2019-04-07 18:54:41|
|2019-04-09 21:38:05|
|2019-04-10 11:29:55|
|2019-04-11 09:45:56|
|2019-04-11 13:53:58|
|2019-04-12 14:07:35|
|2019-04-15 04:09:49|
|2019-04-18 09:29:01|
|2019-04-19 09:55:37|
|2019-04-20 15:08:16|
|2019-04-20 23:32:24|
|2019-04-22 06:48:17|
|2019-04-22 16:05:04|
|2019-04-22 22:55:29|
|2019-04-24 10:00:43|
|2019-04-24 19:34:20|
|2019-04-25 02:07:43|
|2019-04-27 04:34:15|
|2019-04-28 10:40:33|
|2019-04-28 18:48:12|
|2019-04-29 17:49:50|
|2019-05-01 05:23:21|
|2019-05-01 19:03:42|
|2019-05-02 04:01:30|
|2019-05-03 04:29:36|
|2019-05-04 09:57:34|
|2019-05-04 16:16:28|
|2019-05-05 01:01:03|
|2019-05-07 06:28:23|
|2019-05-07 23:16:29|
|2019-05-08 19:22:50|
|2019-05-08 23:41:24|
|2019-05-10 02:52:13|
|2019-05-10 10:19:16|
|2019-05-11 07:14:48|
|2019-05-12 14:40:09|
|2019-05-13 21:19:51|
|2019-05-15 04:33:03|
|2019-05-15 16:04:21|
|2019-05-16 18:09:06|
|2019-05-17 19:30:10|
|2019-05-19 07:25:39|
|2019-05-22 03:53:47|
|2019-05-24 11:15:29|
|2019-05-25 00:45:47|
|2019-05-30 10:19:08|
|2019-05-31 07:29:11|
|2019-05-31 20:10:12|
|2019-06-01 07:47:24|
|2019-06-04 10:42:37|
|2019-06-04 14:57:15|
|2019-06-05 02:39:08|
|2019-06-05 23:22:27|
|2019-06-06 01:55:07|
|2019-06-06 09:34:07|
|2019-06-07 01:42:44|
|2019-06-08 00:12:18|
|2019-06-09 07:34:05|
|2019-06-10 11:27:45|
|2019-06-10 17:59:49|
|2019-06-10 20:00:23|
|2019-06-11 22:47:49|
|2019-06-12 03:57:24|
|2019-06-13 04:07:18|
|2019-06-13 10:47:02|
|2019-06-15 14:42:25|
|2019-06-15 15:16:27|
|2019-06-19 00:26:01|
|2019-06-19 06:08:03|
|2019-06-19 14:16:25|
|2019-06-20 12:10:10|
|2019-06-20 16:30:18|
|2019-06-22 08:50:06|
|2019-06-23 11:03:27|
|2019-06-26 06:06:21|
|2019-06-27 11:31:59|
|2019-06-27 11:37:19|
|2019-06-28 04:23:39|
|2019-06-28 12:30:55|
|2019-06-30 06:09:58|
|2019-06-30 06:16:41|
|2019-06-30 12:46:28|
|2019-06-30 23:52:59|
|2019-07-01 09:45:20|
|2019-07-01 10:05:03|
|2019-07-02 15:52:15|
|2019-07-04 06:12:35|
|2019-07-06 13:42:28|
|2019-07-06 17:03:10|
|2019-07-06 22:07:06|
|2019-07-07 06:50:05|
|2019-07-07 07:23:01|
|2019-07-08 08:45:11|
|2019-07-08 19:49:58|
|2019-07-09 12:05:28|
|2019-07-12 00:25:20|
|2019-07-12 02:16:41|
|2019-07-12 18:42:47|
|2019-07-12 18:52:11|
|2019-07-14 13:44:39|
|2019-07-16 00:27:59|
|2019-07-16 00:52:29|
|2019-07-16 01:31:47|
|2019-07-16 22:00:08|
|2019-07-18 04:41:15|
|2019-07-18 07:46:37|
|2019-07-18 11:19:08|
|2019-07-19 02:42:21|
|2019-07-19 03:14:00|
|2019-07-19 11:57:53|
|2019-07-19 12:27:20|
|2019-07-19 14:58:34|
|2019-07-20 14:42:09|
|2019-07-20 23:08:38|
|2019-07-23 07:24:17|
|2019-07-23 10:40:36|
|2019-07-23 16:38:27|
|2019-07-24 00:43:56|
|2019-07-24 23:43:31|
|2019-07-25 06:05:07|
|2019-07-25 06:41:46|
|2019-07-26 06:57:31|
|2019-07-26 08:52:44|
|2019-07-26 15:24:53|
|2019-07-26 20:14:30|
|2019-07-27 16:01:52|
|2019-07-27 20:18:17|
|2019-07-28 06:30:36|
|2019-07-29 18:33:57|
|2019-07-30 00:15:45|
|2019-07-31 03:05:38|
|2019-07-31 22:38:20|
|2019-08-02 20:44:18|
|2019-08-03 17:15:09|
|2019-08-04 01:23:27|
|2019-08-04 07:58:15|
|2019-08-04 19:00:37|
|2019-08-04 21:37:39|
|2019-08-05 02:32:30|
|2019-08-05 04:46:00|
|2019-08-06 12:50:02|
|2019-08-06 16:12:33|
|2019-08-08 11:56:27|
|2019-08-08 18:03:17|
|2019-08-10 16:12:01|
|2019-08-13 12:00:45|
|2019-08-13 12:29:09|
|2019-08-14 01:29:06|
|2019-08-14 20:05:22|
|2019-08-15 10:38:09|
|2019-08-16 14:42:24|
|2019-08-16 14:55:57|
|2019-08-17 07:37:15|
|2019-08-21 17:10:03|
|2019-08-23 13:30:09|
|2019-08-24 14:46:39|
|2019-08-24 23:29:30|
|2019-08-25 21:04:56|
|2019-08-27 11:12:48|
|2019-08-28 07:58:01|
|2019-08-28 12:59:59|
|2019-08-28 14:44:26|
|2019-08-28 18:48:30|
|2019-08-29 19:56:44|
|2019-08-30 00:32:48|
|2019-08-31 06:30:27|
|2019-08-31 07:57:31|
|2019-09-01 21:21:49|
|2019-09-02 16:36:56|
|2019-09-03 17:19:36|
|2019-09-03 21:13:58|
|2019-09-05 23:38:28|
|2019-09-06 01:04:53|
|2019-09-06 18:25:09|
|2019-09-07 21:53:26|
|2019-09-08 18:22:36|
|2019-09-10 00:39:37|
|2019-09-14 08:16:34|
|2019-09-15 05:44:57|
|2019-09-16 14:10:14|
|2019-09-17 08:02:46|
|2019-09-18 11:16:03|
|2019-09-19 18:20:02|
|2019-09-19 23:46:40|
|2019-09-21 16:45:55|
|2019-09-23 14:48:02|
|2019-09-24 22:18:13|
|2019-09-26 09:59:20|
|2019-09-27 02:33:50|
|2019-09-28 13:12:16|
|2019-09-29 08:08:34|
|2019-09-29 21:13:49|
|2019-09-30 09:36:06|
|2019-10-01 06:41:50|
|2019-10-04 12:58:44|
|2019-10-04 18:07:02|
|2019-10-04 21:33:41|
|2019-10-08 07:06:59|
|2019-10-09 07:08:56|
|2019-10-11 04:35:56|
|2019-10-11 06:59:15|
|2019-10-11 16:37:32|
|2019-10-16 04:09:00|
|2019-10-16 09:19:19|
|2019-10-17 09:23:39|
|2019-10-17 14:36:06|
|2019-10-17 22:58:20|
|2019-10-19 10:12:14|
|2019-10-19 15:12:33|
|2019-10-19 23:17:13|
|2019-10-22 06:50:05|
|2019-10-22 08:11:06|
|2019-10-23 15:06:56|
|2019-10-24 04:42:52|
|2019-10-25 18:42:11|
|2019-10-26 08:23:44|
|2019-10-26 10:15:28|
|2019-10-27 15:19:07|
|2019-10-28 04:10:01|
|2019-10-28 14:08:04|
|2019-10-29 11:15:20|
|2019-10-31 00:36:33|
|2019-10-31 04:23:12|
|2019-10-31 07:38:56|
|2019-10-31 12:33:36|
|2019-10-31 15:14:54|
|2019-10-31 18:44:54|
|2019-10-31 21:23:31|
|2019-11-01 21:08:03|
|2019-11-02 12:18:28|
|2019-11-05 00:31:42|
|2019-11-05 06:16:40|
|2019-11-06 07:40:46|
|2019-11-06 14:15:23|
|2019-11-08 00:04:37|
|2019-11-10 14:05:34|
|2019-11-11 08:19:09|
|2019-11-11 08:44:29|
|2019-11-11 13:07:10|
|2019-11-12 01:10:21|
|2019-11-12 08:51:18|
|2019-11-13 13:52:44|
|2019-11-17 00:08:28|
|2019-11-17 22:21:25|
|2019-11-18 22:12:01|
|2019-11-19 10:41:09|
|2019-11-22 13:32:56|
|2019-11-23 10:38:44|
|2019-11-25 04:56:43|
|2019-11-25 15:12:45|
|2019-11-29 03:22:34|
|2019-11-30 06:04:41|
|2019-11-30 12:09:34|
|2019-11-30 13:05:02|
|2019-12-01 14:54:40|
|2019-12-02 15:06:49|
|2019-12-02 20:48:51|
|2019-12-03 06:57:19|
|2019-12-05 17:24:47|
|2019-12-05 17:46:20|
|2019-12-09 11:18:58|
|2019-12-13 03:52:09|
|2019-12-14 23:28:00|
|2019-12-18 02:42:43|
|2019-12-20 14:08:36|
|2019-12-21 20:39:13|
|2019-12-25 07:25:16|
|2019-12-25 17:37:51|
|2019-12-27 01:39:37|
|2019-12-27 17:21:44|
|2020-01-01 20:39:26|
|2020-01-03 16:16:50|
|2020-01-03 16:32:23|
|2020-01-05 21:55:28|
|2020-01-07 18:31:06|
|2020-01-07 19:26:28|
|2020-01-09 01:46:16|
|2020-01-10 12:26:08|
|2020-01-11 15:11:08|
|2020-01-12 00:06:27|
|2020-01-12 12:36:31|
|2020-01-14 03:40:43|
|2020-01-15 11:50:23|
|2020-01-15 21:22:48|
|2020-01-16 05:34:09|
|2020-01-17 12:24:06|
|2020-01-19 16:37:07|
|2020-01-19 20:49:13|
|2020-01-20 23:04:55|
|2020-01-22 01:41:00|
|2020-01-22 05:18:20|
|2020-01-25 11:31:39|
|2020-01-25 20:43:31|
|2020-01-27 18:11:18|
|2020-01-27 23:52:39|
|2020-01-29 09:48:44|
|2020-01-30 05:57:16|
|2020-01-30 09:59:56|
|2020-01-31 22:41:15|
|2020-02-01 00:57:20|
|2020-02-01 14:16:13|
|2020-02-04 06:37:29|
|2020-02-05 19:21:43|
|2020-02-05 20:17:23|
|2020-02-06 16:56:21|
|2020-02-07 01:22:55|
|2020-02-10 07:28:43|
|2020-02-10 08:03:45|
|2020-02-11 05:30:14|
|2020-02-11 07:26:28|
|2020-02-11 19:30:01|
|2020-02-12 10:49:49|
|2020-02-15 14:39:31|
|2020-02-16 09:07:25|
|2020-02-16 13:32:33|
|2020-02-17 05:15:48|
|2020-02-19 07:36:49|
|2020-02-19 09:54:14|
|2020-02-19 23:57:10|
|2020-02-20 17:13:34|
|2020-02-21 03:52:58|
|2020-02-23 19:32:03|
|2020-02-24 05:05:49|
|2020-02-24 09:58:44|
|2020-02-26 23:38:54|
|2020-02-27 07:20:08|
|2020-02-28 06:00:57|
|2020-02-28 06:58:33|
|2020-02-28 11:14:41|
|2020-03-01 07:40:46|
|2020-03-03 02:34:57|
|2020-03-04 10:48:04|
|2020-03-04 13:37:50|
|2020-03-06 00:19:40|
|2020-03-06 22:50:39|
|2020-03-07 21:26:59|
|2020-03-10 09:23:08|
|2020-03-11 15:16:12|
|2020-03-13 01:41:36|
|2020-03-13 10:57:12|
|2020-03-17 00:40:30|
|2020-03-18 22:35:27|
|2020-03-19 07:44:40|
|2020-03-20 09:56:52|
|2020-03-23 00:08:42|
|2020-03-23 18:46:32|
|2020-03-24 16:39:07|
|2020-03-25 03:18:31|
|2020-03-25 14:53:16|
|2020-03-26 10:07:36|
|2020-03-26 12:24:47|
|2020-03-26 21:13:49|
|2020-03-27 20:56:48|
|2020-03-29 09:33:07|
|2020-03-31 17:39:28|
|2020-04-02 09:39:37|
|2020-04-02 16:30:29|
|2020-04-02 19:46:23|
|2020-04-03 21:30:16|
|2020-04-03 23:21:57|
|2020-04-04 09:49:39|
|2020-04-04 16:57:02|
|2020-04-05 03:53:38|
|2020-04-05 09:27:21|
|2020-04-07 06:22:01|
|2020-04-07 09:10:40|
|2020-04-07 09:18:33|
|2020-04-08 02:45:03|
|2020-04-10 02:25:10|
|2020-04-11 04:29:02|
|2020-04-12 06:57:11|
|2020-04-12 09:08:40|
|2020-04-13 17:06:37|
|2020-04-15 08:48:05|
|2020-04-16 07:05:17|
|2020-04-17 16:28:20|
|2020-04-18 20:45:00|
|2020-04-20 06:22:02|
|2020-04-21 20:45:59|
|2020-04-22 07:22:17|
|2020-04-23 13:54:11|
|2020-04-24 12:07:10|
|2020-04-27 11:21:36|
|2020-04-30 12:56:41|
|2020-05-01 04:26:39|
|2020-05-01 05:33:53|
|2020-05-01 10:25:44|
|2020-05-02 13:46:33|
|2020-05-03 05:01:48|
|2020-05-03 17:18:33|
|2020-05-05 23:50:44|
|2020-05-06 00:28:41|
|2020-05-06 04:59:44|
|2020-05-06 09:41:08|
|2020-05-07 15:52:58|
|2020-05-08 03:02:41|
|2020-05-08 19:35:18|
|2020-05-09 06:47:17|
|2020-05-09 07:00:49|
|2020-05-09 13:27:04|
|2020-05-09 19:38:38|
|2020-05-10 10:41:16|
|2020-05-12 20:33:15|
|2020-05-14 02:21:15|
|2020-05-14 09:07:37|
|2020-05-16 06:09:06|
|2020-05-17 11:27:21|
|2020-05-17 18:52:28|
|2020-05-18 17:24:49|
|2020-05-19 11:20:23|
|2020-05-21 12:16:41|
|2020-05-22 11:41:34|
|2020-05-22 15:36:39|
|2020-05-24 05:04:03|
|2020-05-24 13:52:53|
|2020-05-25 14:40:28|
|2020-05-26 15:04:48|
|2020-05-28 10:27:23|
|2020-05-29 00:56:35|
|2020-05-29 12:05:34|
|2020-05-30 00:44:10|
|2020-05-31 02:51:18|
|2020-05-31 20:27:19|
|2020-06-01 02:19:49|
|2020-06-02 07:12:18|
|2020-06-02 20:01:28|
|2020-06-05 18:17:42|
|2020-06-07 08:41:49|
|2020-06-07 22:06:31|
|2020-06-09 09:06:59|
|2020-06-11 09:52:41|
|2020-06-12 04:39:37|
|2020-06-12 08:38:21|
|2020-06-13 02:18:34|
|2020-06-13 05:30:08|
|2020-06-14 14:34:55|
|2020-06-15 06:00:05|
|2020-06-15 10:30:18|
|2020-06-16 01:09:15|
|2020-06-16 15:41:47|
|2020-06-17 16:18:05|
|2020-06-19 02:37:11|
|2020-06-19 06:03:22|
|2020-06-19 11:48:43|
|2020-06-22 02:11:48|
|2020-06-23 03:18:00|
|2020-06-23 18:02:48|
|2020-06-25 12:45:49|
|2020-06-28 13:14:29|
|2020-06-29 12:49:49|
|2020-06-30 01:49:34|
|2020-06-30 23:31:21|
|2020-07-01 12:46:59|
|2020-07-02 21:24:18|
|2020-07-03 08:11:39|
|2020-07-03 23:16:41|
|2020-07-04 09:27:38|
|2020-07-05 16:09:53|
|2020-07-07 01:44:02|
|2020-07-09 03:31:16|
|2020-07-11 03:57:24|
|2020-07-11 11:04:36|
|2020-07-13 09:02:54|
|2020-07-14 05:56:02|
|2020-07-14 08:15:25|
|2020-07-14 10:28:42|
|2020-07-14 15:52:16|
|2020-07-14 18:35:05|
|2020-07-15 23:51:40|
|2020-07-16 01:26:37|
|2020-07-16 07:34:28|
|2020-07-16 22:57:41|
|2020-07-19 22:46:03|
|2020-07-21 20:07:41|
|2020-07-22 02:14:55|
|2020-07-22 14:36:23|
|2020-07-23 16:35:24|
|2020-07-24 05:06:18|
|2020-07-26 12:38:07|
|2020-07-28 10:00:59|
|2020-07-29 19:38:05|
|2020-08-01 08:27:14|
|2020-08-01 13:40:26|
|2020-08-01 15:35:46|
|2020-08-02 11:46:46|
|2020-08-03 03:34:26|
|2020-08-03 16:52:43|
|2020-08-04 17:38:41|
|2020-08-05 13:31:10|
|2020-08-05 20:55:06|
|2020-08-06 11:10:47|
|2020-08-06 15:28:49|
|2020-08-08 11:15:57|
|2020-08-09 05:04:31|
|2020-08-09 06:07:22|
|2020-08-09 15:41:27|
|2020-08-11 15:10:43|
|2020-08-12 11:55:28|
|2020-08-15 21:02:48|
|2020-08-16 11:39:31|
|2020-08-17 06:03:48|
|2020-08-17 09:25:20|
|2020-08-20 20:00:42|
|2020-08-23 12:05:35|
|2020-08-24 02:28:57|
|2020-08-24 14:15:38|
|2020-08-26 04:29:52|
|2020-08-26 22:09:42|
|2020-08-29 13:59:34|
|2020-08-30 09:54:18|
|2020-09-01 03:47:31|
|2020-09-03 00:44:22|
|2020-09-03 02:32:32|
|2020-09-03 02:34:27|
|2020-09-03 02:42:40|
|2020-09-03 21:38:58|
|2020-09-03 23:36:50|
|2020-09-04 02:02:55|
|2020-09-06 02:14:27|
|2020-09-06 13:11:04|
|2020-09-07 14:24:19|
|2020-09-07 18:51:11|
|2020-09-07 22:57:28|
|2020-09-08 21:15:41|
|2020-09-09 04:01:22|
|2020-09-09 23:17:10|
|2020-09-11 23:09:29|
|2020-09-12 14:08:35|
|2020-09-14 12:48:30|
|2020-09-15 03:27:15|
|2020-09-16 15:41:29|
|2020-09-16 19:28:39|
|2020-09-19 13:38:51|
|2020-09-19 23:08:22|
|2020-09-20 19:56:59|
|2020-09-22 12:06:46|
|2020-09-22 17:13:53|
|2020-09-22 18:04:24|
|2020-09-23 17:57:43|
|2020-09-24 05:38:29|
|2020-09-24 06:48:56|
|2020-09-24 09:15:20|
|2020-09-25 14:38:02|
|2020-09-25 21:50:37|
|2020-09-28 06:57:59|
|2020-09-28 13:14:39|
|2020-10-01 09:58:51|
|2020-10-02 20:42:13|
|2020-10-03 05:41:10|
|2020-10-04 02:16:01|
|2020-10-04 08:45:57|
|2020-10-06 01:17:52|
|2020-10-07 02:56:38|
|2020-10-08 10:37:36|
|2020-10-08 18:06:00|
|2020-10-09 03:08:15|
|2020-10-09 05:36:42|
|2020-10-11 03:47:48|
|2020-10-11 15:06:24|
|2020-10-11 20:04:36|
|2020-10-12 05:35:38|
|2020-10-13 03:46:30|
|2020-10-13 17:57:29|
|2020-10-13 18:06:58|
|2020-10-14 22:48:38|
|2020-10-15 22:50:13|
|2020-10-16 00:27:49|
|2020-10-16 03:16:21|
|2020-10-17 06:59:18|
|2020-10-17 09:46:31|
|2020-10-19 01:40:02|
|2020-10-19 11:36:22|
|2020-10-19 20:23:08|
|2020-10-20 05:47:26|
|2020-10-20 17:33:54|
|2020-10-21 02:39:55|
|2020-10-21 20:27:18|
|2020-10-26 22:37:34|
|2020-10-29 20:19:50|
|2020-10-31 17:51:24|
|2020-11-03 06:13:09|
|2020-11-03 18:06:47|
|2020-11-04 00:00:56|
|2020-11-04 17:32:58|
|2020-11-04 19:23:25|
|2020-11-05 05:09:32|
|2020-11-05 05:31:10|
|2020-11-05 21:38:29|
|2020-11-08 15:28:23|
|2020-11-09 02:31:05|
|2020-11-11 07:45:45|
|2020-11-12 12:07:57|
|2020-11-13 21:21:58|
|2020-11-14 00:39:25|
|2020-11-16 00:49:47|
|2020-11-21 01:29:48|
|2020-11-21 03:07:45|
|2020-11-22 08:32:03|
|2020-11-27 05:21:57|
|2020-11-28 06:27:58|
|2020-11-28 17:54:11|
|2020-11-28 23:57:00|
|2020-11-29 17:42:32|
|2020-12-01 02:52:14|
|2020-12-03 17:11:25|
|2020-12-03 18:37:11|
|2020-12-04 11:18:18|
|2020-12-05 07:40:14|
|2020-12-05 11:47:53|
|2020-12-07 23:26:55|
|2020-12-08 06:03:23|
|2020-12-08 23:20:02|
|2020-12-09 05:44:52|
|2020-12-10 05:20:24|
|2020-12-13 17:54:05|
|2020-12-14 06:18:20|
|2020-12-14 16:07:46|
|2020-12-14 20:27:12|
|2020-12-15 06:23:28|
|2020-12-15 12:40:31|
|2020-12-16 14:46:34|
|2020-12-16 19:00:31|
|2020-12-16 23:07:31|
|2020-12-17 02:35:03|
|2020-12-18 04:14:15|
|2020-12-18 19:09:13|
|2020-12-19 22:53:38|
|2020-12-21 07:09:01|
|2020-12-21 14:11:43|
|2020-12-21 20:38:14|
|2020-12-21 23:06:34|
|2020-12-21 23:28:47|
|2020-12-22 00:12:18|
|2020-12-22 08:32:43|
|2020-12-22 11:03:25|
|2020-12-23 04:09:46|
|2020-12-23 17:58:26|
|2020-12-26 13:16:26|
|2020-12-27 00:25:03|
|2020-12-27 04:21:10|
|2020-12-27 15:14:07|
|2020-12-27 18:36:09|
|2020-12-28 07:22:10|
|2020-12-28 15:21:45|
|2020-12-29 10:06:40|
|2020-12-29 10:59:30|
|2020-12-29 15:20:12|
|2020-12-31 10:44:19|
|2020-12-31 13:12:41|
|2020-12-31 14:55:43|
|2021-01-01 00:38:53|
|2021-01-01 13:12:40|
|2021-01-01 14:53:06|
|2021-01-01 20:39:23|
|2021-01-02 09:03:18|
|2021-01-02 20:38:11|
|2021-01-04 11:26:59|
|2021-01-04 14:31:04|
|2021-01-08 23:43:59|
|2021-01-09 09:03:26|
|2021-01-09 18:57:42|
|2021-01-11 05:13:01|
|2021-01-12 01:37:03|
|2021-01-13 22:05:02|
|2021-01-14 16:47:11|
|2021-01-16 05:53:31|
|2021-01-16 06:59:45|
|2021-01-17 10:58:52|
|2021-01-19 02:54:09|
|2021-01-20 07:10:44|
|2021-01-21 18:41:46|
|2021-01-23 07:19:00|
|2021-01-24 13:23:44|
|2021-01-25 07:04:07|
|2021-01-25 08:52:00|
|2021-01-26 06:00:08|
|2021-01-26 10:00:05|
|2021-01-27 06:50:16|
|2021-01-29 21:48:56|
|2021-01-31 12:29:12|
|2021-02-01 13:36:22|
|2021-02-02 20:10:31|
|2021-02-04 06:29:25|
|2021-02-04 18:38:59|
|2021-02-07 14:27:58|
|2021-02-07 21:52:08|
|2021-02-08 13:32:23|
|2021-02-09 21:39:44|
|2021-02-10 02:00:27|
|2021-02-10 17:07:07|
|2021-02-11 08:43:18|
|2021-02-12 02:37:57|
|2021-02-13 06:52:32|
|2021-02-13 17:47:14|
|2021-02-13 18:42:18|
|2021-02-16 20:27:35|
|2021-02-17 23:25:42|
|2021-02-18 13:35:19|
|2021-02-22 15:57:23|
|2021-02-23 23:14:27|
|2021-02-25 05:13:35|
|2021-02-25 17:15:19|
|2021-02-26 04:43:57|
|2021-02-27 02:45:10|
|2021-02-28 01:22:53|
|2021-02-28 06:38:31|
|2021-02-28 20:28:08|
|2021-03-03 10:11:38|
|2021-03-05 19:03:04|
|2021-03-06 03:53:57|
|2021-03-06 07:41:11|
|2021-03-06 09:32:14|
|2021-03-06 21:07:06|
|2021-03-07 05:56:44|
|2021-03-08 06:37:56|
|2021-03-08 20:06:00|
|2021-03-12 04:04:04|
|2021-03-12 20:52:17|
|2021-03-14 11:13:45|
|2021-03-15 17:10:51|
|2021-03-16 06:12:29|
|2021-03-17 09:08:29|
|2021-03-17 21:47:15|
|2021-03-18 03:08:33|
|2021-03-18 20:41:13|
|2021-03-19 01:55:38|
|2021-03-23 12:03:33|
|2021-03-23 22:02:18|
|2021-03-24 11:14:28|
|2021-03-24 19:25:06|
|2021-03-24 19:59:58|
|2021-03-26 01:22:24|
|2021-03-28 06:26:25|
|2021-03-28 20:45:16|
|2021-03-31 12:45:46|
|2021-04-01 23:17:04|
|2021-04-02 22:04:16|
|2021-04-02 23:49:02|
|2021-04-04 03:23:22|
|2021-04-05 08:24:59|
|2021-04-05 12:11:26|
|2021-04-06 17:11:22|
|2021-04-06 22:46:04|
|2021-04-09 21:28:26|
|2021-04-10 00:53:16|
|2021-04-11 03:30:56|
|2021-04-11 13:32:44|
|2021-04-11 15:05:51|
|2021-04-11 16:31:10|
|2021-04-12 15:12:24|
|2021-04-13 23:46:52|
|2021-04-14 12:29:16|
|2021-04-14 18:08:48|
|2021-04-15 06:48:20|
|2021-04-16 19:46:58|
|2021-04-17 22:57:47|
|2021-04-19 21:10:28|
|2021-04-19 23:27:49|
|2021-04-20 05:09:29|
|2021-04-21 00:27:30|
|2021-04-21 10:54:44|
|2021-04-22 13:44:37|
|2021-04-22 17:47:10|
|2021-04-24 08:01:56|
|2021-04-24 16:40:00|
|2021-04-24 18:40:11|
|2021-04-25 07:07:04|
|2021-04-27 04:57:12|
|2021-04-29 01:43:11|
|2021-04-29 15:47:23|
|2021-04-30 21:42:17|
|2021-05-01 11:31:58|
|2021-05-01 22:33:02|
|2021-05-02 07:05:16|
|2021-05-03 08:34:36|
|2021-05-03 19:34:09|
|2021-05-04 13:54:53|
|2021-05-04 23:00:47|
|2021-05-05 19:28:08|
|2021-05-06 00:39:48|
|2021-05-07 18:40:38|
|2021-05-09 13:54:17|
|2021-05-11 10:58:57|
|2021-05-11 11:26:41|
|2021-05-11 15:32:59|
|2021-05-14 06:14:37|
|2021-05-14 11:24:57|
|2021-05-14 18:23:47|
|2021-05-15 08:37:54|
|2021-05-15 10:02:44|
|2021-05-15 13:06:45|
|2021-05-15 14:56:46|
|2021-05-16 23:34:46|
|2021-05-17 01:37:28|
|2021-05-17 05:28:01|
|2021-05-18 13:04:09|
|2021-05-18 21:20:17|
|2021-05-19 06:38:53|
|2021-05-20 19:07:02|
|2021-05-21 01:16:12|
|2021-05-22 22:11:40|
|2021-05-24 04:59:59|
|2021-05-24 11:20:34|
|2021-05-28 14:03:46|
|2021-05-28 22:51:37|
|2021-05-29 16:15:24|
|2021-05-31 12:00:01|
|2021-06-01 17:22:13|
|2021-06-02 12:03:59|
|2021-06-02 20:46:02|
|2021-06-03 09:45:46|
|2021-06-03 21:46:28|
|2021-06-05 05:08:58|
|2021-06-05 14:55:58|
|2021-06-06 02:53:06|
|2021-06-06 03:56:02|
|2021-06-06 22:40:25|
|2021-06-07 18:37:17|
|2021-06-07 21:39:20|
|2021-06-10 15:03:43|
|2021-06-10 19:51:27|
|2021-06-17 12:52:54|
|2021-06-18 01:43:37|
|2021-06-19 12:45:43|
|2021-06-19 23:59:25|
|2021-06-20 04:54:15|
|2021-06-20 15:59:29|
|2021-06-21 10:44:03|
|2021-06-22 01:32:35|
|2021-06-22 08:09:30|
|2021-06-22 10:33:01|
|2021-06-22 23:00:25|
|2021-06-24 00:58:23|
|2021-06-25 21:23:21|
|2021-06-26 08:16:15|
|2021-06-26 23:46:25|
|2021-06-27 07:29:15|
|2021-06-27 17:57:20|
|2021-06-27 19:31:37|
